patientId,n_boxes,prob,said_pneumonia,box_share,gradcam_hit,gradcam_overlap,occlusion_hit,occlusion_overlap,usual_hit,usual_overlap,methods_agree,gradcam_row,gradcam_col,occlusion_row,occlusion_col,prob_boxes_hidden,prob_control_hidden,control_clean
00c0b293-48e7-4e16-ac76-9269ba535a62,2,0.9800149,True,0.0970594618055555,False,0.4106344326439352,False,0.3352431525992174,True,0.4269843487982113,0.8462129681386249,240,112,224,96,0.5957277417182922,0.9324532747268676,True
00f08de1-517e-4652-a04f-d1dc9ee48593,2,0.9267028,True,0.2074042426215278,True,0.6640617336428735,True,0.5034496288787889,True,0.7786024915802897,0.588039106693261,207,271,192,256,0.382199078798294,0.851706326007843,False
0100515c-5204-4f31-98e0-f35e4b00004a,1,0.007489625,False,0.0064900716145833,False,0.0,False,0.0,False,0.0,0.0,0,368,0,160,0.0121003864333033,0.0265565700829029,True
019d950b-dd38-4cf3-a686-527a75728be6,2,0.9324533,True,0.1351725260416666,False,0.2864238410596026,False,0.2258679510335139,True,0.607666064619707,0.7556191049568532,80,240,64,256,0.8587185740470886,0.9116528034210204,True
01cd2ba5-2baf-44b2-bf15-ee57e1ea4599,1,0.058024753,False,0.0449286566840277,False,0.0,False,0.0190188679245283,False,0.4009056603773585,0.2129811320754717,336,208,128,224,0.0530097782611846,0.0687872841954231,True
03ae75b6-45a7-4a68-9871-f07b82b17bf6,2,0.8224745,True,0.1956515842013889,True,0.511681109185442,True,0.4723050259965338,True,0.7381975736568458,0.5914038128249567,239,271,192,224,0.2351083904504776,0.8690492510795593,False
05dad446-45f7-44df-bd2f-4673d9502348,1,0.82375413,True,0.0602281358506944,True,0.8711856772885936,True,0.788875126674924,True,0.4609841234095259,0.7401193559283864,176,111,160,96,0.3440025448799133,0.8755743503570557,True
05ead813-3c04-4e42-a5e1-4ca43294ece9,1,0.07004896,False,0.0777587890625,True,0.7141984999127856,False,0.484911913483342,False,0.086080586080586,0.6391069248212106,303,272,224,288,0.0309089571237564,0.1957477778196334,True
061b44ff-fd22-473d-853f-81da70e14a63,1,0.05033063,False,0.1832953559027778,False,0.0036258694686991,False,0.0,False,0.4882344235607518,0.4963741305313008,47,368,0,96,0.1627789139747619,0.1433075517416,True
061d0ff4-a611-42ce-b780-1d1eb55e50ab,2,0.644337,True,0.3787434895833333,True,0.5951511244807334,False,0.4168278183641312,True,0.7738683569689156,0.7671178914195674,240,303,224,224,0.3922204077243805,0.4248295724391937,False
066d9e27-e48f-4453-b1e1-d73c34910722,1,0.84376645,True,0.087158203125,True,0.7877373171490819,True,0.7619047619047619,False,0.0341581076875194,0.8580765639589168,112,239,96,224,0.1284157931804657,0.8640812635421753,True
06cf339f-a71a-4177-b950-ae1fdd5f4762,2,0.6181467,True,0.1674058702256944,True,0.5127405306866518,True,0.2877861049220174,True,0.4832489366011748,0.4282762811423942,175,271,128,256,0.455864667892456,0.5894210338592529,True
06df5d57-6f34-43c0-99ad-b9b5f9346cbd,2,0.29138398,True,0.1825764973958333,True,0.4993685461704182,False,0.0939008988930985,False,0.4560953866726097,0.2483099323972959,175,176,352,288,0.2266124486923217,0.3684056997299194,True
0742a7f3-5f8e-474b-bd1f-0ba8ba9a6b19,2,0.97788346,True,0.2171427408854166,True,0.7069552453230894,True,0.6054842437302851,True,0.7876885599175489,0.7864080702083138,207,111,192,96,0.3352420032024383,0.7543725371360779,False
074f8729-c5ea-4830-8249-9a04208eab5e,2,0.2799269,True,0.2449815538194444,False,0.2995238622522422,False,0.0522644225445687,True,0.4706566271730705,0.4402336396855276,0,336,128,256,0.147187054157257,0.3757064342498779,True
074f91b5-e915-4b6f-bdf0-af1ee55ebd9b,2,0.93880075,True,0.4130588107638889,True,0.7589971760688251,True,0.5406514743547646,True,0.8378538123070861,0.673786694687069,176,272,160,128,0.4207186102867126,0.8008477687835693,False
077780cb-eb05-478f-a7d7-f0576e4c34df,2,0.9422947,True,0.4019707573784722,True,0.662021493766133,True,0.4012282152075987,True,0.822128119042397,0.6589172135711032,143,80,96,64,0.6088847517967224,0.5910152792930603,False
07c379f0-8ceb-4ba9-84be-cfbb29de8ba5,1,0.8550057,True,0.1266547309027778,True,0.6618119511672735,True,0.2912829299635896,False,0.4645534375669308,0.4860783893767402,143,240,128,224,0.5119606256484985,0.7969253659248352,True
07c99b1f-cf0c-40da-8ea9-8c5c9cd51189,2,0.6425446,True,0.1468370225694444,True,0.7063550711250692,True,0.3310548679105856,True,0.6101514871605395,0.4674856826159246,175,112,160,96,0.3808165192604065,0.6776873469352722,True
07d1a89d-351c-4a75-993a-ba315142b419,1,0.09894659,False,0.1324869791666666,False,0.0,False,0.0758599508599508,True,0.3027231777231777,0.4667792792792792,47,368,160,32,0.1584346145391464,0.1242130175232887,True
0808c4af-9ed6-46e3-a936-2cafb0004e6a,2,0.57600546,True,0.1492513020833333,True,0.680752453653217,True,0.3337877135587059,True,0.4314794620138131,0.4231188658669574,240,80,256,96,0.2750323712825775,0.5473431348800659,True
081a1f56-6c47-4b80-988a-3d357c977d65,2,0.4591671,True,0.2804158528645833,True,0.4350528428740719,True,0.3696824590679339,True,0.797600909332753,0.5961450095528308,208,175,192,160,0.2138693332672119,0.4831911325454712,False
08307845-ccbd-4616-b8e9-58532a766dbe,1,0.817283,True,0.04833984375,True,0.8785072951739619,True,0.7456509539842873,False,0.231341189674523,0.8055555555555556,271,112,224,96,0.164785087108612,0.780829668045044,True
085a25eb-1ebd-4bf1-b320-7833e7c37553,2,0.94386727,True,0.1700710720486111,True,0.805367254166999,True,0.6338623494696547,True,0.7789696148018184,0.7630193795358482,207,272,192,256,0.2083399444818496,0.9505029916763306,True
08725d04-9db2-4b52-87fe-6cdb150a4bb3,2,0.7689067,True,0.2033420138888889,True,0.4516075240128068,True,0.3220717716115261,False,0.2980923159018143,0.6851987726787621,303,80,288,64,0.2913839817047119,0.6374822854995728,True
08b1c32d-e070-4a2c-9d75-f41055b7273b,2,0.9280184,True,0.3135308159722222,True,0.5071811732133588,True,0.3980792524658245,True,0.8140898079252465,0.7380385879910019,176,111,192,64,0.6008911728858948,0.5813624858856201,False
08f17660-dc61-4a5d-b6fb-10dacc1e20a2,2,0.8119744,True,0.0546061197916666,True,0.4863387978142076,True,0.4772727272727273,False,0.3719572776949826,0.8353204172876304,176,175,192,160,0.2309197783470153,0.8316905498504639,True
08f1b734-cd93-42c0-b978-9e1e1021bb55,2,0.7806625,True,0.2249484592013889,True,0.7919204100090443,True,0.6857401266204401,True,0.800180886343081,0.7882423876997287,208,272,224,96,0.2420264333486557,0.5584172606468201,False
0902e0fc-fcf3-40b5-ac04-c3ecc14c2355,1,0.32756075,True,0.0790879991319444,False,0.0,False,0.0,False,0.3965872063110958,0.4911678957297204,144,112,160,128,0.3162636756896972,0.2740598618984222,True
09875c3b-c520-4b08-89b0-a7a7299c37b2,1,0.07504072,False,0.0901014539930555,False,0.0,False,0.0,False,0.1950925786542225,0.0998795724823122,0,0,128,64,0.1558477729558944,0.1063188686966896,True
098906c5-cf22-43d3-9f0d-90e88e602090,2,0.9923934,True,0.3186848958333333,True,0.7325715015321757,True,0.4579502894109635,True,0.7336142322097379,0.5729698672114403,176,111,160,64,0.6064401865005493,0.8310059905052185,False
09bfe52b-201a-435a-b04f-ada40a64b5b5,1,0.92643696,True,0.0225830078125,False,0.0651651651651651,False,0.0,False,0.0,0.3636636636636636,271,208,224,160,0.8801805377006531,0.9259026646614076,True
09d2a8d3-3ef9-4e91-8abe-d1c127747905,1,0.13150747,False,0.0492892795138888,False,0.0,False,0.0,False,0.3481012658227848,0.1952394056136488,47,368,160,352,0.1535491645336151,0.2398831397294998,True
09db0213-0ad3-4062-bc7b-9a82e5a74097,1,0.5366772,True,0.1471625434027778,True,0.5839170506912442,True,0.416036866359447,True,0.3954377880184331,0.7052995391705069,239,175,192,128,0.51583331823349,0.542075514793396,True
09dc577c-4219-45cc-9d01-6b46978927a7,2,0.9787127,True,0.1655815972222222,True,0.637778505897772,True,0.5213794233289646,True,0.6899164482306684,0.7646215596330275,239,79,224,64,0.3386236727237701,0.9497627019882202,True
0a0f91dc-6015-4342-b809-d19610854a21,1,0.056548133,False,0.0329861111111111,False,0.0,False,0.0,False,0.3978207236842105,0.0999177631578947,0,47,224,320,0.0708162039518356,0.0631349012255668,True
0aa43663-a1f3-44cb-8ecc-9b36fbb0d778,2,0.9969246,True,0.4190877278645833,True,0.8123371684709614,True,0.5030664919009014,True,0.8462223085263039,0.5691538424195349,175,272,160,256,0.5852789282798767,0.948441743850708,False
0ab261f9-4eb5-42ab-a9a5-e918904d6356,4,0.14128141,False,0.0634290907118055,True,0.1634769592644071,False,0.3249224847642468,False,0.3712177910830749,0.1577034106703731,207,271,128,256,0.1517806202173233,0.1211648508906364,True
0ab601ca-5f86-498f-89ab-73208a353e40,2,0.526145,True,0.1323377821180555,True,0.6445628779337911,True,0.5787639643332991,True,0.6156093061391821,0.8146458952546889,207,80,192,64,0.0560293830931186,0.6943026781082153,True
0ae82435-399e-4cf1-9d78-92d1c184178d,2,0.586286,True,0.1951022677951389,True,0.4673780805728388,False,0.2328200493586847,True,0.7881052521811672,0.4690813027911988,176,271,96,224,0.2137051820755005,0.5315133333206177,True
0b0073e0-9c19-4da4-88f2-b3d2ebc6f1f4,2,0.7068991,True,0.1611395941840278,True,0.6111695635705567,True,0.6025840663271748,True,0.6403350027355751,0.7646563696814107,208,111,224,96,0.2321360111236572,0.8276889324188232,True
0b5fa34f-5c96-4cc5-becc-317acdff3221,1,0.6739432,True,0.0789727105034722,True,0.7884070416487763,True,0.1964791756118505,False,0.3967367969085444,0.2168312580506655,175,240,160,224,0.3983479142189026,0.6083614230155945,True
0b74faac-00a1-4958-9571-b5f7f9c52179,1,0.96253246,True,0.0881618923611111,True,0.7604615384615384,True,0.7313846153846154,True,0.4339230769230769,0.8532307692307692,176,112,160,96,0.2070543467998504,0.940243363380432,True
0bbe0f92-940f-431a-b8c4-3b371ea7d9aa,2,0.95791227,True,0.1560194227430555,True,0.7822741893419108,True,0.7477614535338607,True,0.5168651656089716,0.779274971746501,207,143,192,128,0.2338813096284866,0.9196425676345824,True
0beac0c9-331a-4aad-9cec-099aff98c399,1,0.0038096302,False,0.0285915798611111,False,0.0,False,0.0,False,0.0,0.0,0,368,224,32,0.0031236484646797,0.0066669313237071,True
0befe74c-5802-4fd4-aa1a-e5487d685558,1,0.9396923,True,0.05303955078125,True,0.8149852959979542,True,0.6546477432553381,False,0.4356220432169799,0.7959340237821251,207,303,160,288,0.2125587463378906,0.791176438331604,True
0c0dbae5-b0a7-43b7-a964-11e6bcf40ae9,2,0.8978745,True,0.1026340060763889,True,0.5482357605391833,True,0.6938020351526365,True,0.6347958239725122,0.6562045724857936,175,112,128,96,0.1769558787345886,0.9145963191986084,True
0c153d93-d65b-4d3e-90bc-8b26350e3476,2,0.8897206,True,0.13330078125,True,0.4386446886446886,True,0.4137159137159137,True,0.5481786731786732,0.7148962148962149,207,240,192,224,0.3681784868240356,0.8574102520942688,True
0cac94e3-15f2-4657-beae-b508b5e0d176,1,0.0025608707,False,0.0354410807291666,False,0.0,False,0.0,False,0.0158821278224263,0.0,336,47,0,128,0.0040543340146541,0.0137423202395439,True
0cbf3284-5b78-4e23-bffd-e546f7e76da9,1,0.15077753,False,0.0926920572916666,True,0.1253292361720807,False,0.3810359964881475,False,0.4301287679250805,0.1334503950834065,240,336,160,256,0.0826973393559455,0.1381126791238784,True
0dcc2f61-2c28-4c66-a50c-9728cdab1ed9,1,0.08151976,False,0.0100029839409722,False,0.0,False,0.0942372881355932,False,0.4766101694915254,0.0,47,368,160,160,0.015424552373588,0.0789258852601051,True
0e0cfa1a-c097-47bb-bf4b-6b9362940705,1,0.59678566,True,0.0250651041666666,True,0.3988095238095238,False,0.6804653679653679,False,0.1553030303030303,0.5749458874458875,271,112,224,96,0.408040851354599,0.5590493679046631,True
0f8f22cd-112a-47c5-8069-d767ed01b112,1,0.34919977,True,0.0396592881944444,False,0.3948358413132695,False,0.1892954856361149,True,0.3098495212038303,0.6933994528043775,207,143,160,128,0.1929952353239059,0.2654994130134582,True
1101cedc-35e2-483c-9326-1f3232b88f06,2,0.8373541,True,0.07904052734375,True,0.6537108537108537,True,0.3982839982839983,False,0.2978120978120978,0.6349206349206349,207,176,192,192,0.2533064782619476,0.9229002594947816,True
122bd0b8-4b45-4587-8cb9-1848e52aa863,2,0.3022881,True,0.2040879991319444,True,0.3381737223366784,True,0.2721472718814381,False,0.4174918588422942,0.3756895062138632,176,336,256,160,0.2899745106697082,0.3589146137237549,True
12b4c5bc-48cb-4010-9b2e-eeb8b0d5cc8e,3,0.97246706,True,0.11651611328125,True,0.4834410104184855,True,0.4687736453058611,True,0.5985099819568127,0.8680519178161923,175,271,160,256,0.701201856136322,0.9674717783927916,True
13932109-fbd1-4b6b-b81c-91682740cc50,2,0.80486643,True,0.1614040798611111,True,0.4035714285714286,True,0.3655462184873949,True,0.6148319327731092,0.7791176470588236,240,111,224,96,0.4287116527557373,0.7196792364120483,True
1414c7d6-dff3-453c-8322-b25bb5899d78,2,0.9723097,True,0.1127794053819444,True,0.4829825616355983,True,0.4163559831629585,False,0.5033072760072159,0.8295249549007817,176,79,192,64,0.4188157320022583,0.9889278411865234,True
1563a4ed-d5f5-4e31-8818-c5417109d403,1,0.69760895,True,0.0428195529513888,True,0.8295850490972442,False,0.5937598986379474,True,0.3140639847956921,0.7104846373139057,239,112,192,96,0.2546016275882721,0.7153245210647583,True
15741dba-9bd7-469c-acfc-fb563112ee39,1,0.21601155,True,0.0124782986111111,False,0.0,False,0.0,False,0.0,0.0,335,335,128,128,0.309649646282196,0.226270318031311,True
158aa1e6-0e62-4e5c-acf3-10bb8882025a,2,0.9005298,True,0.0462375217013888,True,0.4250513347022587,False,0.4250513347022587,False,0.1192431798181284,0.8184218245819889,144,143,128,128,0.4556829929351806,0.8936811685562134,True
15cfe136-58ea-4e38-b3a8-d372ecad4ac7,2,0.9227612,True,0.1215481228298611,True,0.4090833007866986,True,0.4090833007866986,False,0.1919321542152541,0.7977459130725882,144,176,128,160,0.6314806342124939,0.9241418242454528,True
15df7a1f-a2a4-4d5e-8771-3280fa1184c3,2,0.9012275,True,0.2676255967881944,True,0.4797151762410359,False,0.2503610977371208,True,0.768365304209006,0.4986442997237919,271,304,96,64,0.5367681980133057,0.929440438747406,False
16105557-552b-498e-af02-9f0285876567,1,0.052521676,False,0.0647515190972222,True,0.6594051110180142,True,0.5027230833682447,True,0.3256179304566401,0.5706954335986594,239,111,224,64,0.0093400236219167,0.0614240430295467,True
1614564a-fe0d-43dc-87ae-299d859959f6,2,0.6757646,True,0.0434163411458333,True,0.4907841299593877,False,0.3828491096532334,False,0.3776944704779756,0.7074351765073414,207,112,160,96,0.0622169822454452,0.5999539494514465,True
1620067b-02c9-4f3d-9b49-a1b7f6f77358,2,0.45410898,True,0.3623046875,False,0.2131064690026954,False,0.2461814914645103,True,0.6728436657681941,0.7299341120095837,175,336,96,352,0.5646986961364746,0.3667031228542328,False
162c2fa0-aa64-4cc8-aacd-930750957868,2,0.83128005,True,0.1978217230902778,True,0.5848474460061707,True,0.4612958519026397,True,0.5819677751114158,0.6042852245457662,239,272,224,256,0.232658639550209,0.8350804448127747,True
164e8e2e-f90c-41d8-a7ee-cfee6fef16b2,2,0.6318215,True,0.1178453233506944,True,0.7333256603556425,True,0.6028658571675203,True,0.6838925015825517,0.6869425102146516,208,272,192,256,0.3232732713222503,0.6760854721069336,True
1693a790-88c8-46fa-9ce7-3b0c5834ba90,1,0.022672437,False,0.0193277994791666,False,0.0,False,0.6014035087719298,False,0.0,0.0,335,0,128,64,0.0152475899085402,0.0238253679126501,True
16fecf77-f64c-4a80-94e9-4eaa27b78aec,1,0.53977174,True,0.1236368815104166,True,0.4551587954582853,False,0.2176512533596621,False,0.457188305633262,0.2496846031484833,239,271,0,64,0.4789248406887054,0.6835251450538635,True
1707921a-8b1d-419e-b5de-6e069bc9e4eb,1,0.94853723,True,0.0712687174479166,True,0.8696355504805405,True,0.7524027024455229,True,0.318774383861452,0.8335712246645732,208,80,192,64,0.6206215620040894,0.951323390007019,True
1738d7da-d93e-4f81-aefd-a1adb148664d,1,0.20673385,False,0.0386555989583333,False,0.0,False,0.1640350877192982,True,0.287719298245614,0.2866666666666667,175,112,160,96,0.1732881963253021,0.1788124442100525,True
181f55a1-d776-42e0-b2a1-ab2e73dc31a2,1,0.14511536,False,0.0360243055555555,True,0.7797439759036144,True,0.6144578313253012,False,0.3324548192771084,0.7112198795180723,207,303,192,288,0.0143370302394032,0.2297079712152481,True
18774506-f9cb-497c-898f-0bade580f342,1,0.13488984,False,0.0767415364583333,False,0.0,False,0.065040650406504,False,0.0037999293036408,0.0652173913043478,335,336,224,128,0.1511530578136444,0.1884732991456985,True
18792f05-1f16-4343-884c-c33420e6b104,1,0.6949241,True,0.0438096788194444,False,0.0,False,0.0,False,0.0,0.5196594427244582,208,143,192,96,0.6215983033180237,0.6454551815986633,True
18845136-172c-4e84-9b1f-4127434db08c,2,0.71233225,True,0.1300726996527778,False,0.3913451511991658,True,0.327007299270073,True,0.6315432742440041,0.7465589155370177,47,304,160,96,0.416737288236618,0.7081116437911987,True
18b5d52d-78e4-490a-a766-af881acda223,2,0.6126573,True,0.1390109592013889,True,0.3879402868572543,True,0.3545711776758708,True,0.4816567469997073,0.6340130744462874,208,80,192,96,0.0807915404438972,0.4464041888713836,True
18cded58-0cce-4b19-93de-48082a7b7d4c,1,0.728362,True,0.1366509331597222,True,0.386848635235732,False,0.1905210918114143,False,0.3775682382133995,0.6935980148883375,176,271,128,256,0.6191259622573853,0.6990490555763245,True
192e8e4a-4db4-4c04-9b74-297e15b87c8e,1,0.494385,True,0.1249118381076389,True,0.6202834030077637,True,0.3891633639176937,False,0.4954666377110592,0.4695694663119604,175,272,160,256,0.2386389076709747,0.4997789561748504,True
19377a2b-4f78-42f5-bbde-27c797d84cfb,2,0.49879456,True,0.1180759006076389,True,0.3466199529033369,True,0.5290908046637184,True,0.765091034403538,0.2949284934811326,175,175,160,128,0.1339807510375976,0.4525056779384613,True
19720da5-a262-4c83-9ae9-fe6f7f5cc5fb,1,0.06620602,False,0.0531955295138888,False,0.0,False,0.0,False,0.0,0.383350331463539,271,80,224,96,0.0948452427983284,0.1302854120731353,True
197eb663-bd40-4c72-9fec-4160cec1f64b,1,0.58302534,True,0.0578206380208333,True,0.6210415200562984,True,0.5878489326765188,True,0.4566033309875674,0.5320197044334976,208,112,192,128,0.1672186702489853,0.5870556235313416,True
1a7606e0-4d81-4bbe-ae22-93ca30540cb9,1,0.16926852,False,0.0224066840277777,False,0.0,False,0.0,False,0.1277239709443099,0.0,335,335,224,352,0.2093080133199691,0.1972897499799728,True
1b6ac013-a672-4eda-9e69-75b0628ff944,2,0.987375,True,0.1470879448784722,True,0.5131633546959288,True,0.316473788556411,True,0.8237816404629075,0.6979574899718751,207,111,192,96,0.7083134651184082,0.9524857997894288,True
1be56c93-6607-4b08-b73a-dfe4ca81f7b1,1,0.26435837,True,0.008056640625,False,0.0,False,0.0,False,0.0,0.0,47,368,192,96,0.3226327002048492,0.3225259780883789,True
1bf08f3b-a273-4f51-bafa-b55ada2c23b5,4,0.5867596,True,0.0653279622395833,False,0.0758849787189868,False,0.1666147617564621,False,0.4679746704038202,0.6840029066749714,47,79,192,128,0.2007142901420593,0.7019174098968506,True
1d57c801-71b4-49da-8933-2cabdc927fef,3,0.86385167,True,0.0549180772569444,True,0.4733267473450234,True,0.4136823907137565,False,0.545196344776488,0.800074092368486,144,111,128,96,0.6001883149147034,0.8510885834693909,True
1d763b86-e7dc-4db1-ae16-601d80d36c5e,3,0.7999117,True,0.1367933485243055,True,0.2208616330375291,False,0.20722819889941,True,0.6045808338704081,0.4914481185860889,111,144,96,96,0.5016422271728516,0.8665847778320312,True
1d7876e7-2229-41a4-b6f5-0ead284ed611,1,0.95783347,True,0.0186292860243055,True,0.4535857298871496,True,0.4466690935566072,True,0.4914452129595922,0.7255187477247906,207,112,192,96,0.2002447098493576,0.9567959308624268,True
1f5f34b6-8e8d-4e25-88fc-6ba1b5b0ac06,1,0.5142936,True,0.0615234375,True,0.4201940035273369,False,0.3541666666666667,False,0.3357583774250441,0.82826278659612,111,272,64,256,0.1402184665203094,0.5344606637954712,True
1fd92186-f1fa-477d-b23e-abfd7ad537ce,1,0.86726075,True,0.0288628472222222,False,0.7274436090225563,False,0.6806860902255639,False,0.137687969924812,0.7502349624060151,271,80,256,64,0.4707062244415283,0.9010533690452576,True
20ed5a77-bb84-4c95-b126-714bd59cdfbf,2,0.8698252,True,0.14117431640625,False,0.3613873276648893,True,0.203199308257674,True,0.5871643368400826,0.7265215929288562,112,80,128,96,0.4486376047134399,0.9092645049095154,True
23fe6bf8-de06-4041-a3b9-beb2fe73b455,2,0.959001,True,0.1374104817708333,True,0.3366400157931102,False,0.1455927351692824,False,0.275293653143816,0.3733589971374987,271,79,192,0,0.5826691389083862,0.9599125981330872,True
2415c886-456c-447a-b418-bbf877ddefd1,2,0.3528705,True,0.0519816080729166,False,0.461839530332681,False,0.3654272667971298,False,0.052576647097195,0.5856490541422048,80,111,0,64,0.2405961155891418,0.5127459764480591,True
24bc6cbc-3ed9-455a-8fbf-f106ce3e1e59,1,0.45959154,True,0.01904296875,False,0.5605413105413105,True,0.4216524216524216,False,0.1712962962962963,0.5975783475783476,208,111,224,96,0.0123361004516482,0.4752552211284637,True
2635357b-8865-4551-9ed8-3f90b996c982,2,0.9891816,True,0.03759765625,True,0.492063492063492,True,0.4159451659451659,True,0.4399350649350649,0.7887806637806638,207,112,192,96,0.3970613479614258,0.9889278411865234,True
27532c20-7a0b-45b2-b229-496126a327ad,2,0.6402986,True,0.1433648003472222,True,0.3642384105960264,True,0.3642384105960264,True,0.8383632923368023,0.8148060548722801,176,111,160,96,0.199619859457016,0.4845934808254242,True
2993d607-03e5-45ba-9d1e-7e5b418b5a24,2,0.9274948,True,0.1662122938368055,True,0.4617079440205638,False,0.2573748418948141,True,0.7934636256069199,0.4602390958423436,207,143,192,96,0.5309205651283264,0.9356999397277832,True
2c68016e-5a63-4430-a834-efe5d43edd0e,2,0.10248422,False,0.0568305121527777,True,0.4053699284009546,False,0.0916467780429594,False,0.0571599045346062,0.1036992840095465,240,208,128,128,0.1843266189098358,0.0875638425350189,True
2cb31ff6-2062-4da1-9e5c-5a1bf8b62fe4,2,0.86815757,True,0.0511338975694444,True,0.5557029177718833,False,0.4511936339522546,False,0.0,0.8059681697612732,272,112,256,96,0.780662477016449,0.9095862507820128,True
2d5d4cc5-5633-4718-ac7a-61bd0c7dbf4f,1,0.28666824,True,0.0089518229166666,True,0.7977272727272727,False,0.331060606060606,False,0.0,0.4121212121212121,144,112,128,96,0.0066153928637504,0.1639802604913711,True
2e04a49d-3aac-4245-be51-8e96ce679a0c,1,0.5189271,True,0.0450439453125,True,0.8166214995483289,True,0.6889491117133394,False,0.0,0.7193616380608251,303,271,288,224,0.330795407295227,0.5232071876525879,True
2e19d541-b5d1-41d9-8265-989b6bfb1ecd,1,0.5934915,True,0.0773111979166666,True,0.761578947368421,True,0.1901754385964912,False,0.4307017543859649,0.1914035087719298,144,272,128,256,0.3860687911510467,0.5919591188430786,True
3011a504-67f0-4bda-b774-46cb7c38b839,2,0.25201568,True,0.1026340060763889,True,0.4197171930751949,False,0.2675432800317167,False,0.409739659045857,0.2956257433593234,175,272,128,320,0.0946777015924453,0.2894721031188965,True
30d3d2f9-4342-4ab4-9032-34d894c2cfbb,3,0.380241,True,0.0319552951388888,True,0.2663412563667232,False,0.0,True,0.4596774193548387,0.1831494057724957,208,111,0,352,0.1379964798688888,0.4644764363765716,True
316eed14-0f52-44f9-8be0-12e045324a4a,3,0.70354944,True,0.0920613606770833,False,0.0307918968692449,False,0.0,False,0.3293554327808471,0.5496132596685083,144,336,128,352,0.7114308476448059,0.6147409677505493,True
31739fc0-50fd-49e1-aeed-d7e39f7106fe,2,0.7801604,True,0.0896742078993055,True,0.5327837858277245,True,0.2223398623610376,True,0.5594796944717537,0.5364138243968842,175,112,160,96,0.6512439250946045,0.8293538093566895,True
3188960a-9044-4c39-b74d-71b289d857d2,2,0.74706274,True,0.0721164279513889,True,0.5218168139928531,False,0.3835809667105511,False,0.1655068647733684,0.6795185254842957,240,208,224,192,0.2699025273323059,0.7514657974243164,True
31902a4d-1835-463a-a19a-5a84cd646751,1,0.19208428,False,0.0298529730902777,True,0.7607905497501136,True,0.595184007269423,False,0.0,0.8078146297137665,143,111,96,96,0.018475592136383,0.2200071066617965,True
31bb6549-ca98-4586-b5d6-b0e9142e6ae2,2,0.8711464,True,0.0784098307291666,True,0.543072132848988,True,0.493859193911088,True,0.3598858329008822,0.8153433661996194,239,143,224,128,0.685949444770813,0.8653379082679749,True
31d565cd-7b80-48ab-a86d-c5aaec5b4505,2,0.011508148,False,0.0832790798611111,False,0.0,False,0.0,True,0.6670195439739414,0.428257328990228,0,368,0,288,0.0632505193352699,0.0275329388678073,True
31ea34d0-7ac3-4069-85ce-641bb524ec63,2,0.5642185,True,0.1143391927083333,False,0.3078884934756821,True,0.5446619217081851,True,0.5982206405693951,0.4405693950177936,47,79,192,128,0.1878765672445297,0.5784481763839722,True
31ec89aa-09c7-4342-8bb5-ba7b585e875e,2,0.34931073,True,0.0952487521701389,True,0.5011035955856177,True,0.4309006763972944,False,0.3972944108223567,0.6837308650765397,239,112,224,96,0.1072503253817558,0.2649284899234772,True
3208e231-f146-41b6-b726-1d4267728342,1,0.14547919,False,0.0350477430555555,True,0.3411377708978328,True,0.5015479876160991,False,0.0986842105263157,0.7244582043343654,303,143,256,96,0.0476026572287082,0.163712665438652,True
320ed4b4-0793-4224-866b-29d9cfc5b90f,2,0.22970797,True,0.0583360460069444,False,0.0037200651011392,False,0.0906765868402697,False,0.1841432225063938,0.7007672634271099,271,111,224,96,0.2787473499774933,0.2540460228919983,True
3211c41c-8ced-42ba-8b0f-a04797f1ff27,2,0.9600627,True,0.0681491427951389,False,0.6073241118519256,False,0.5964772614190467,False,0.3079908448601851,0.7469399940292566,175,271,160,96,0.347647875547409,0.9569571614265442,True
3251dea8-4f74-4f4b-8f56-167b0213414b,3,0.98871195,True,0.1116672092013889,True,0.4775901858374833,True,0.4232964897364266,False,0.5806510385035831,0.7785133001336086,175,271,160,256,0.3469837009906769,0.984752357006073,True
327af298-ff3a-44b9-b5bf-93ab3a5abb04,2,0.8076124,True,0.0450439453125,True,0.5332731105088828,False,0.5666967780788918,True,0.4875037639265281,0.7825956037338151,239,272,192,256,0.1417559832334518,0.729519784450531,True
32827da4-939c-46de-85db-a2d75cb0dfad,2,0.58664125,True,0.0724894205729166,False,0.1586677893161193,False,0.2275236224155674,False,0.1611001964636542,0.2252783235101506,112,336,128,256,0.6359010338783264,0.5520869493484497,True
32bac08d-957e-44e0-9c11-26657e24170b,2,0.7864589,True,0.0784030490451389,False,0.4600813078453421,True,0.4627627367874751,False,0.2178012282674509,0.852607905890494,208,80,224,64,0.1055788397789001,0.8912444114685059,True
32c41ed0-6704-465c-94d3-3073b9b4415e,2,0.9744348,True,0.1003960503472222,True,0.5960551202377736,True,0.5574844636584707,True,0.3672656038908403,0.7253445014860849,239,112,224,96,0.6739432215690613,0.9842154383659364,True
32d18643-336b-4b68-a0a4-12efb635e9c7,1,0.037186775,False,0.0472547743055555,False,0.0,False,0.0,False,0.062715269804822,0.2299081515499426,79,335,0,288,0.1153614073991775,0.0530097782611846,True
32d840e8-6bee-4e0b-b942-f18304166ca9,2,0.53285056,True,0.0910780164930555,True,0.348548026805659,True,0.4241250930752047,True,0.5702903946388682,0.7241250930752048,207,112,192,96,0.2695178091526031,0.5354931950569153,True
32f02701-5caf-4d1a-8293-861b33c20908,2,0.48427334,True,0.072265625,True,0.4115990990990991,False,0.3879504504504504,False,0.1746433933933933,0.8338963963963963,143,111,128,64,0.2137051820755005,0.500237226486206,True
32f1f953-db5b-459c-bb4f-4b785ee2c3a2,2,0.9659639,True,0.1119791666666666,True,0.6216085271317829,True,0.3987403100775193,True,0.6669089147286822,0.6554626937984496,175,111,160,96,0.6913931369781494,0.9653158187866212,True
3333d928-dd10-46f2-927e-f7d5ac070221,1,0.7407374,True,0.0590006510416666,True,0.8313793103448276,True,0.6317241379310344,False,0.0,0.7345977011494252,111,240,64,256,0.1680362224578857,0.7137309908866882,True
334c4445-63ce-401a-a1a2-1a467901a1ae,2,0.047249716,False,0.0447591145833333,False,0.0,False,0.0,True,0.5159090909090909,0.0,336,304,64,128,0.195133551955223,0.0520378239452838,True
338019e9-6ee8-47cc-b49f-32dd39c0adbc,2,0.0063143647,False,0.0298190646701388,False,0.0,False,0.0,False,0.1826245167159426,0.1562428928815101,368,303,0,288,0.0141178928315639,0.0116872573271393,True
33c24f1e-7526-4d84-a057-facdc540f22b,2,0.7756048,True,0.3032090928819444,True,0.6716618206217848,True,0.4408857078953254,True,0.7539476627152762,0.662603444419593,239,304,224,288,0.2112540602684021,0.6435533165931702,False
33dea6c5-2f2c-4164-a489-8ae440b921f1,2,0.26189685,True,0.0810750325520833,True,0.6086992890004183,True,0.3846925972396486,False,0.0332078628189042,0.5017984107068172,271,48,256,64,0.1576548963785171,0.2797300815582275,True
340244af-50e9-405f-85af-7fe6c8e0f838,2,0.90414387,True,0.2951795789930556,True,0.4784496622708266,True,0.3560860175527271,True,0.742085190460874,0.6419151771355052,144,240,128,224,0.5808870792388916,0.8850365877151489,False
340af340-aa8f-418d-a73b-3c11814cc1c3,2,0.056756895,False,0.0810546875,False,0.1024096385542168,False,0.0,True,0.4470381526104418,0.3880522088353413,335,335,288,352,0.0376086346805095,0.1664043068885803,True
3416e4ff-a8a4-4822-85ab-2e7e066457ba,1,0.1766716,False,0.0306939019097222,True,0.671011931064958,False,0.2867874502872293,True,0.2509942554131684,0.1922227132125497,208,80,192,96,0.1830088496208191,0.2438224554061889,True
341983d7-a04e-4b75-a021-1c5562139301,1,0.016593177,False,0.0074734157986111,False,0.0,False,0.0,False,0.0,0.3058076225045372,175,112,128,96,0.0059110685251653,0.0508937165141105,True
34297b7d-9e22-4e73-b105-a8db72ad36ee,1,0.42650077,True,0.0245361328125,True,0.6774461028192371,False,0.4087893864013267,True,0.3559977888336097,0.3548922056384743,240,143,160,96,0.1412814110517501,0.460137277841568,True
342bd0cf-b337-40e9-8512-eb170292e2f2,1,0.5609142,True,0.0156182183159722,False,0.0,False,0.0,True,0.3708206686930091,0.0,239,272,160,128,0.6146831512451172,0.5640384554862976,True
346fdfbf-788e-4791-95f2-f986208c7796,1,0.06198946,False,0.0138346354166666,False,0.0,False,0.0,False,0.0289215686274509,0.0,47,336,128,128,0.0360160693526268,0.0687872841954231,True
34873b9f-5305-404e-b7f7-5105feede48a,2,0.9721515,True,0.2235107421875,True,0.6177862734389222,True,0.4252078402815705,True,0.7189756659991504,0.7356635718186784,176,240,160,256,0.5996609330177307,0.7704647779464722,False
3496cccd-1600-4ae9-920f-a5bf7919801c,2,0.7233095,True,0.1524658203125,True,0.3227470865581354,True,0.2937461079975091,True,0.6897962814696201,0.7736411351303265,144,111,128,96,0.3226327002048492,0.6975059509277344,True
34aba493-c3b3-49db-a2fa-b65345248969,2,0.026155617,False,0.0712958441840277,False,0.0,False,0.0,True,0.3037192047940645,0.3730619233330162,0,336,0,64,0.113973468542099,0.0463782027363777,True
34d37f0b-6aeb-4af0-b0cf-f4516a3035af,1,0.39227864,True,0.0240749782986111,True,0.8259154929577465,False,0.4507042253521127,False,0.0673239436619718,0.5388732394366197,271,111,224,96,0.0608634464442729,0.387342631816864,True
34dde192-6b08-405f-9672-60e19c896d28,2,0.45962185,True,0.1473456488715278,True,0.4376121876006811,True,0.1664288673079578,True,0.7294150135775763,0.1760942605974133,240,144,224,128,0.3745619356632232,0.4000460207462311,True
3502cf28-bcc2-4cf4-84bc-749ccc2dd222,2,0.26265267,True,0.3565877278645833,True,0.3458283410357353,True,0.2841330518628402,True,0.6702421026606569,0.8504402731024514,176,48,160,64,0.4195885062217712,0.0864776521921157,False
35061124-9245-4434-b165-b89aef28bb75,1,0.093181714,False,0.01708984375,False,0.3587301587301587,True,0.546031746031746,False,0.0,0.0777777777777777,111,112,64,128,0.0322222970426082,0.1019465252757072,True
35071f53-b924-440e-bdfe-7e6f3c74989d,2,0.6715783,True,0.1217447916666666,True,0.5280748663101604,False,0.4040218360071301,False,0.4673573975044563,0.8057598039215687,175,240,128,224,0.2559011280536651,0.659624457359314,True
35129138-f9bb-40cb-bce0-927b0116faf7,2,0.02964751,False,0.09930419921875,False,0.0,False,0.0331899200983405,False,0.0712968653964351,0.5013316943249334,0,304,32,64,0.0861695632338523,0.0376793928444385,True
351a2161-64fb-41c0-889f-653d320a406f,2,0.9930153,True,0.1896565755208333,True,0.689515840663663,True,0.526246156046628,True,0.8489236930558536,0.7372523778874347,175,240,160,224,0.1853566318750381,0.9666001796722412,False
351fe1bb-2966-43a1-9837-fc9664c05266,3,0.87831426,True,0.1652560763888889,True,0.3552199606040709,True,0.4276920551543007,True,0.8073292843072882,0.7845124753775443,208,112,192,96,0.4515380859375,0.8554893136024475,True
3576b088-b3b9-40f2-bd44-de169e3e82f7,2,0.87610537,True,0.1343722873263889,True,0.7338245684869285,False,0.4993438982537599,True,0.4809225799939436,0.6116382355909963,176,111,160,64,0.1550784707069397,0.8946054577827454,True
35926045-c5ed-4db4-9f3d-2e77bda01d14,2,0.9470882,True,0.3218722873263889,True,0.6494669419746323,True,0.5124099279423538,True,0.7672875142219039,0.6319581981374573,176,80,160,64,0.351311057806015,0.97334223985672,False
359355a8-5981-406a-a8c3-3dcfdde9169e,1,0.1309508,False,0.041259765625,False,0.2082511505588428,False,0.0894148586456278,False,0.2046351084812623,0.2700525969756739,303,335,160,256,0.082106627523899,0.1452365517616272,True
3594b48f-fcc1-4947-93f5-64be66467147,2,0.5664982,True,0.2076416015625,False,0.3071069305637207,True,0.4895812920504278,True,0.386994578352603,0.566562152981906,271,335,160,256,0.2751297354698181,0.5820159912109375,True
35ab0be2-1772-4ef7-b8f9-45e5e371ac11,2,0.82375413,True,0.2187093098958333,True,0.5577674418604651,True,0.5214263565891473,True,0.7677209302325582,0.7001550387596899,176,271,160,256,0.2775708734989166,0.3268083333969116,False
35c45480-3cfc-4988-8bd7-4c1ee56ed88b,2,0.67437226,True,0.1934678819444444,True,0.5318283791362871,True,0.4734296130117779,True,0.5688446438586652,0.8111679753224902,240,80,224,64,0.082106627523899,0.7704647779464722,True
35ef8c74-74d5-49ae-8b45-98d349344628,2,0.9759464,True,0.2943250868055556,True,0.7201612903225807,True,0.532557603686636,True,0.6567972350230414,0.7476958525345622,207,335,192,128,0.4383644163608551,0.798501193523407,False
35f72695-d6d4-405a-8ddc-b64cbbca55ef,2,0.277473,True,0.1603800455729166,False,0.0353503319379254,False,0.104528732715971,True,0.7961436001522263,0.4016660323903759,112,80,96,64,0.606789767742157,0.2225311249494552,True
36144553-f906-4552-9d9e-e0c25885dcba,1,0.0074317735,False,0.0657891167534722,False,0.0,False,0.0,True,0.4606741573033708,0.3602721368931038,336,368,0,128,0.0193080864846706,0.0127227082848548,True
361c09b7-beb1-4be9-bb4b-c6400c293a19,2,0.7181993,True,0.2393595377604166,True,0.3409831420881145,False,0.197960050998725,True,0.7638759031024225,0.5402181612126363,240,111,224,64,0.3684056997299194,0.7083134651184082,False
366c5768-5fba-4ba1-8532-082d3ba3c9bf,2,0.563378,True,0.1016506618923611,True,0.3808125959036627,True,0.2780038695043031,False,0.5580092067516178,0.7093201681232905,271,143,256,96,0.1351179182529449,0.7209580540657043,True
3673cc6c-6c57-4910-ace9-795fe9a4d0c2,2,0.9959927,True,0.2870958116319444,True,0.6870836679737327,False,0.1763830490858411,True,0.8051684225445268,0.4033637265554873,207,111,192,64,0.5743947625160217,0.9915215969085692,False
36898db8-3570-4740-a396-aaf6cee6b7a1,2,0.69471705,True,0.2055528428819444,True,0.5672055427251732,True,0.3676674364896073,True,0.8042230287033982,0.6119102606400528,239,303,224,288,0.5065799951553345,0.7343100905418396,False
3690bde1-7419-46a5-baa2-14b88feed1ea,1,0.39437586,True,0.050537109375,True,0.8016639828234031,False,0.5915190552871712,False,0.1050724637681159,0.6820987654320988,112,143,96,128,0.154057577252388,0.4845477640628814,True
36c3ea72-267d-4eb7-a0b2-a3e34acd2d07,1,0.68236214,True,0.0775824652777777,True,0.7742132867132867,True,0.643444055944056,True,0.521416083916084,0.7981643356643356,207,112,160,96,0.2278127372264862,0.666279673576355,True
36ca4185-52e1-4cf3-b007-5c7680d2ae74,2,0.253861,True,0.0774129231770833,True,0.4039421813403416,True,0.4139290407358738,True,0.4893561103810775,0.770652650021901,208,111,224,96,0.0789258852601051,0.2585131227970123,True
36cf3250-2ea6-4ef9-8143-c1bbafe83475,1,0.14139993,False,0.0239935980902777,False,0.0,False,0.0,False,0.0022611644997173,0.1051441492368569,0,368,224,64,0.2416683137416839,0.3126847445964813,True
36f22c61-5bff-4583-8269-35d25b6bb2c4,2,0.74186105,True,0.4775254991319444,False,0.480543641889397,False,0.3072116340500468,True,0.8260005112619649,0.6433095691197773,336,336,320,352,0.4079818725585937,0.5351287722587585,False
36f775ee-d044-43a3-bbe5-000ed7b498b8,1,0.061536737,False,0.0678846571180555,False,0.0,False,0.0,True,0.2224775224775224,0.4091908091908092,47,304,256,256,0.1504027992486953,0.0691635608673095,True
3705e8a9-bda4-43dc-8671-5f3bb5e1ff8b,1,0.492642,True,0.0790608723958333,True,0.7291988334191113,True,0.6716417910447762,True,0.4021272945616744,0.8123177217361468,144,143,128,128,0.0094857132062315,0.6881541609764099,True
373a5932-9260-40b0-9762-f5420f1fc4e5,2,0.25534365,True,0.18597412109375,False,0.0063085730955767,True,0.2753892717791635,True,0.8039237136710061,0.3154286547788353,48,335,192,224,0.0816661119461059,0.1969806402921676,False
374b2ddb-10f8-4fb7-a745-3ecf886af10c,2,0.8698252,True,0.2249891493055555,True,0.6889317578972751,True,0.625934410417169,True,0.7147636845912708,0.6845912707981674,240,79,256,64,0.40456622838974,0.4214923083782196,False
3766b0a6-1769-4d82-b081-fa53531de34e,2,0.8707073,True,0.2228257921006944,True,0.5708981343397145,True,0.4827281857747207,True,0.7716163983321667,0.6520984873847278,239,80,224,64,0.309649646282196,0.7143292427062988,False
3768dc07-b49f-4e4d-8233-5dda9692ca68,2,0.641647,True,0.1595119900173611,True,0.3293227328770035,True,0.307980102886782,True,0.6709748735172825,0.6596658305344161,208,112,224,96,0.3045585453510284,0.5934914946556091,False
376a90dd-55c7-40a7-b5ea-73cafe9d75aa,2,0.63578796,True,0.3608805338541667,True,0.4164881422182132,False,0.5228699214492427,True,0.7905814259405419,0.6641861164355245,79,271,32,256,0.2228692322969436,0.3743331432342529,False
376b255a-82a3-4105-a546-36a477bfe8e3,1,0.4124118,True,0.0353190104166666,False,0.5725806451612904,False,0.2419354838709677,False,0.1810675883256528,0.5892857142857143,208,272,192,256,0.1581743359565735,0.3951341509819031,True
379b5fc2-ad30-4dd5-be88-a633ff87649c,2,0.39963588,True,0.4636705186631944,True,0.4620818768191192,True,0.3068406195609249,True,0.782817276330608,0.6808442175776279,239,271,192,256,0.4674836993217468,0.4217304289340973,False
37a3ae61-b059-4972-9e28-c7bc02cd1ada,2,0.02068546,False,0.1467149522569444,False,0.0,False,0.0,True,0.6903023019321438,0.632199315891652,0,336,0,352,0.0358806960284709,0.0547015108168125,True
37c377d9-a4f9-4b58-82b5-42c1624e2d57,2,0.5630176,True,0.1229451497395833,True,0.6319708753930167,True,0.572122014451983,True,0.3754757570743008,0.6036185117767113,239,208,192,192,0.0816661119461059,0.6794977784156799,True
37f5c61c-c395-468f-a4ea-7108343a22cb,2,0.97246706,True,0.3484768337673611,False,0.4896565145470468,True,0.3611949012357692,True,0.877084752359638,0.6997567383477669,335,336,128,64,0.5608540773391724,0.9477691650390624,False
3810c7be-ecfe-47f6-bdf9-39fcb52e9c6f,2,0.9841546,True,0.2282240125868055,True,0.7536920928297626,True,0.4634950821620658,True,0.5234303033904852,0.5272041125605443,144,239,128,224,0.5242424607276917,0.9177460074424744,False
38262da1-7640-43a1-88ba-1c14960c159e,2,0.3894304,True,0.1346232096354166,True,0.3798297314996726,False,0.2113747418266082,True,0.7442949977331117,0.5914563498060551,176,240,128,224,0.2924942374229431,0.3669299483299255,True
3838db1d-2236-4c84-b6bc-2c81606dd34d,2,0.5197499,True,0.1338840060763889,True,0.3873467733765576,True,0.4099888562455678,True,0.743491034343025,0.6086516057137068,208,143,160,128,0.2620856761932373,0.6347697377204895,True
3862449a-cc8b-40da-91a0-a1437618e65c,2,0.91352236,True,0.3951416015625,True,0.4176535200631586,True,0.2828407647684756,True,0.7388356846188171,0.591133765832561,239,144,224,128,0.5315741300582886,0.4029793441295624,False
3866065a-3fb7-4253-97ef-930ab899a723,2,0.49312252,True,0.047119140625,True,0.3988198042602188,False,0.4058721934369603,False,0.0,0.6265112262521589,111,271,160,128,0.452747642993927,0.4642638862133026,True
387126a9-0e30-4e23-94cf-e2a6811e6d47,1,0.6757646,True,0.0633951822916666,True,0.7360932819854514,True,0.448117244330338,True,0.3234916559691912,0.6792896876337184,239,143,224,96,0.3228461444377899,0.7769615650177002,True
388cc388-c2aa-4bfe-8a63-4565c626d951,2,0.091058284,False,0.0815361870659722,False,0.0,False,0.0851700906595691,True,0.6511685935290693,0.2572569242285619,336,336,0,96,0.1709227561950683,0.0780781656503677,True
38e001a1-f518-4dc3-bdf7-b568ba90f512,1,0.041230027,False,0.0444878472222222,False,0.0,False,0.0,False,0.0,0.0,79,368,352,320,0.0578116104006767,0.0828456282615661,True
38f2df56-b804-4c70-811e-b01f1aac0216,2,0.9851003,True,0.1076185438368055,True,0.8124645535320436,True,0.7491335307832881,True,0.6518999306824627,0.802318986703636,175,272,160,256,0.2753245234489441,0.9763556718826294,True
38ffaafc-11bb-4ca1-8242-dbb576fc8cc6,1,0.75328517,True,0.0790879991319444,True,0.7427542445549649,True,0.5764877379523238,False,0.3397358943577431,0.7737094837935174,271,271,256,256,0.3385143280029297,0.6328431367874146,True
391ea361-3ebe-4930-9645-e14740e6d58b,2,0.39332676,True,0.1290215386284722,False,0.0,False,0.0353219448094612,True,0.5825492772667543,0.5155847568988173,336,336,320,352,0.5123189687728882,0.463262140750885,True
39552f5b-ee51-4a9a-9028-8fcdaae9baac,2,0.9502266,True,0.2176513671875,True,0.5673957749111983,True,0.2858789804947965,True,0.7009721443260423,0.4942979996260983,176,111,160,96,0.5332759022712708,0.9071478247642516,False
39ce47c6-a221-4399-8ac3-21b0b4a323f6,2,0.9235924,True,0.1304592556423611,True,0.6645526849300827,True,0.414201798617248,True,0.4965431200291105,0.5355304881218486,207,240,192,224,0.8042522072792053,0.8757869601249695,True
3a0fb504-c7fe-4f7e-9bf1-98560c74614d,2,0.032222297,False,0.1757405598958333,False,0.0060199120166705,False,0.0,True,0.8283167399861079,0.6682874122096164,368,335,352,160,0.1683094501495361,0.1104711443185806,False
3a146de9-9044-4abc-b15c-e7e0d18a0704,2,0.9590777,True,0.3501315646701389,True,0.4739584342133297,True,0.321505355517248,True,0.8436537604834492,0.650622712041682,207,111,192,96,0.590779185295105,0.6048657894134521,False
3a1c6cb8-cb42-44c7-8d5a-925f813427c7,1,0.013584392,False,0.0295342339409722,False,0.0,False,0.0,False,0.2799081515499426,0.0107921928817451,336,335,32,96,0.0362882949411869,0.0156636480242013,True
3a2cbb37-3c4d-4fdd-86be-e304ae5b0bcd,1,0.12273334,False,0.0212877061631944,False,0.0,True,0.3568015291494106,False,0.3141127747690347,0.0,336,239,192,224,0.041852131485939,0.0726367011666297,True
3a37447e-4d0a-4165-a5a2-74a015de8098,2,0.64735246,True,0.1238606770833333,True,0.7463863337713534,True,0.422251423565484,True,0.53580814717477,0.4942509855453351,144,240,128,256,0.0348151959478855,0.8608377575874329,True
3a3842d1-d803-4374-a17d-b5a37e8024cf,1,0.047780067,False,0.01971435546875,False,0.0,False,0.0,False,0.0,0.0,0,304,352,224,0.055208683013916,0.0406929515302181,True
3a483825-5dc2-4318-b0a6-7378f155df2c,2,0.98571813,True,0.3774007161458333,True,0.7789038634321653,True,0.6727044025157233,True,0.7574842767295598,0.6676909254267744,176,271,192,64,0.3174262642860412,0.3134197890758514,False
3a5ff12c-56f6-4ea0-ba4e-82e49b889222,2,0.8349459,True,0.0707533094618055,True,0.6109460366145884,True,0.6069203488929359,False,0.5016773698840219,0.8175980063260807,176,272,160,256,0.3543213605880737,0.8539127111434937,True
3a62a3c3-ad7c-4164-a473-939b599fb5be,2,0.9641868,True,0.1645982530381944,True,0.5124222322936838,True,0.457335915289852,False,0.3436611594083474,0.8117918503563925,175,144,128,128,0.6092917323112488,0.9510514140129088,True
3a711453-b25c-4239-9c8b-080070a8afcc,2,0.27493498,True,0.1391398111979166,True,0.419262075352147,True,0.4608373543890432,True,0.7131159526246528,0.4002534483598967,208,303,192,256,0.103024423122406,0.2694216966629028,True
3a776e35-1909-4109-aa86-0fd23f023e44,2,0.9635062,True,0.2151828342013889,True,0.5744721084147495,True,0.3989914907028049,True,0.5165143397415695,0.6823826032146234,239,111,224,64,0.2075357437133789,0.9602867364883424,True
3b4a83a5-e755-4b20-b21c-0a0424095325,1,0.0028560124,False,0.018310546875,False,0.0,False,0.0,True,0.3859259259259259,0.5318518518518518,47,368,0,320,0.0054480675607919,0.0029579026158899,True
3b4bd4e1-b078-4d51-84c5-7e5e3905fb24,2,0.7818308,True,0.2908596462673611,True,0.5061437664669263,True,0.5101774347734851,True,0.8151973699550001,0.540558185082422,208,303,160,256,0.2793367505073547,0.5045469999313354,False
3b57df96-2208-4717-9d32-0d54ebbee4fa,1,0.0015669888,False,0.0288221571180555,False,0.0,False,0.0,False,0.2329411764705882,0.4470588235294118,368,336,0,64,0.0060035954229533,0.0089507112279534,True
3bb9b9b3-b086-4083-ae6f-d1f86c3eb089,2,0.10248422,False,0.0681355794270833,True,0.4001194386383995,True,0.4206230715636508,True,0.5590723599084304,0.5639494376430776,208,143,224,128,0.038610927760601,0.0825493037700653,True
3bc44999-08aa-4429-ab87-a2958f22b2f8,2,0.47031084,True,0.0895046657986111,False,0.0,False,0.0,False,0.2739051371419912,0.4500681921503258,47,304,0,288,0.4487886130809784,0.5086889863014221,True
3bd6f6e0-c07a-4c22-87e7-53d60de9ad0e,2,0.83318895,True,0.1953803168402778,True,0.5347101700798333,True,0.3706351961124609,True,0.5465463380770565,0.6435959736202708,144,111,128,96,0.3990502655506134,0.6693127155303955,True
3bdf49c0-0eed-4b48-b831-1510cffd2d04,2,0.2487166,True,0.1021253797743055,False,0.1495451225180954,True,0.5575403413241251,True,0.7139916329105518,0.1928414901387874,47,368,160,256,0.0690379291772842,0.2710586786270141,True
3be59bb1-6183-4c8d-9ac8-4591b6ab90d0,2,0.9818056,True,0.2835828993055556,True,0.6025444805815956,True,0.5163573751674,True,0.8222450736560168,0.7945523244691027,240,143,224,96,0.3712505996227264,0.9731387495994568,False
3be6cdab-6c53-43c9-ac23-901a8dbd281e,2,0.9313377,True,0.3455946180555556,True,0.7467621664050236,True,0.4538854003139717,True,0.6056318681318681,0.5343210361067504,207,208,128,64,0.2218560576438903,0.7927852869033813,False
3c0f1edd-10c2-46da-a01c-a151aa88f2df,2,0.9871788,True,0.1754964192708333,True,0.5435505062215009,True,0.551124507303501,True,0.7367648195378314,0.8265708323672618,208,272,192,256,0.3154195845127105,0.9571978449821472,False
3c112c11-3e6a-4105-bcdf-78e146ca8862,2,0.9957353,True,0.2483927408854166,True,0.6342315777977995,True,0.536462172714118,True,0.7045076036803452,0.7675212275097606,239,79,192,256,0.5561886429786682,0.9941800832748412,False
3c183f4c-967f-41e5-a87a-d8dd5aac0fde,2,0.09721884,False,0.0509982638888888,False,0.0,False,0.0,False,0.2558510638297872,0.430718085106383,0,176,256,192,0.1091347858309745,0.1026640087366104,True
3c239733-d999-4dad-ab3b-3b5bf7b893b7,2,0.22405544,True,0.07244873046875,False,0.1447159037723485,True,0.3477487597116914,False,0.4272208181222503,0.2088364691566039,208,303,192,256,0.2812081575393677,0.2070543467998504,True
3c4a89ed-4338-4410-8848-a0bf226f6e21,2,0.49992156,True,0.2738850911458333,True,0.4466151636705789,False,0.3208537612043777,True,0.7466201158817412,0.3890704699648393,175,272,128,352,0.2389939427375793,0.5304341316223145,False
3c4ab309-7722-4a52-a340-868b0417a0cc,1,0.042562727,False,0.0172119140625,False,0.0,False,0.0,True,0.4763593380614657,0.4353821907013396,368,336,352,160,0.0424832068383693,0.042962472885847,True
3c51d6fa-6fb9-41b9-b723-25121b75c306,2,0.87599933,True,0.415771484375,True,0.5499608533959679,True,0.3453056697331506,True,0.882413388138579,0.6181738109219025,208,79,192,64,0.3457677066326141,0.7772998809814453,False
3c958476-01ca-4d79-929a-5f1ee467ee27,1,0.6393984,True,0.0613606770833333,False,0.3922413793103448,True,0.4526967285587975,False,0.1446728558797524,0.8047082228116711,80,47,128,224,0.4430280327796936,0.6366919875144958,True
3cc33510-2c4f-4e01-b850-4b66183aa1e9,1,0.19406214,False,0.0257364908854166,True,0.6545454545454545,True,0.3828722002635046,False,0.1243741765480895,0.5828722002635046,239,240,224,256,0.0224142149090766,0.1880255937576294,True
3cfd007a-77cd-4125-900e-e0e014592a35,2,0.1928432,False,0.2764078776041667,True,0.21303793120369,True,0.3522253299965651,True,0.7577408116198047,0.6135482604642033,240,79,224,64,0.2213506698608398,0.2481695711612701,False
3d0964c8-b41f-4e3b-a871-fbaca943558b,1,0.2881683,True,0.0380588107638888,False,0.6078047042052744,True,0.5131860299358517,False,0.1596578759800427,0.6115466856735566,208,111,224,96,0.0810821205377578,0.3273456692695617,True
3d2acab8-4160-4aa6-8071-4ab0fa1313ef,2,0.32863715,True,0.1016031901041666,False,0.0,False,0.0,True,0.6961687358163129,0.3437458283273261,144,368,128,352,0.5626571178436279,0.3593641221523285,True
3d341003-fe1c-4709-a20a-0a543a3e3743,1,0.35655868,True,0.0507405598958333,True,0.7278802459235498,True,0.6415396952686447,False,0.0,0.7281475541299118,143,240,128,224,0.1046601980924606,0.3860109746456146,True
3d384875-3304-44de-8b8b-40a131a722ce,2,0.1377643,False,0.2997368706597222,True,0.1780171048463731,True,0.1919770125345038,True,0.7336304810172406,0.6298475044119644,304,335,288,288,0.3706808984279632,0.1753967851400375,False
3db7e979-5f97-4985-bf0c-cdea7951e246,2,0.45217305,True,0.2031521267361111,False,0.0007677927627186,False,0.1908131926826011,True,0.6572973694752303,0.3189678194685539,47,368,0,352,0.3286371529102325,0.4440222680568695,False
3dcd38ce-8adc-4c9b-92f7-768a33611f57,1,0.73105854,True,0.0863172743055555,True,0.8090823381521056,True,0.576759899434318,True,0.5043997485857951,0.6362350722815839,208,112,192,128,0.0579180866479873,0.6864751577377319,True
3ddfe89f-2b00-49cc-ad50-30ac45c8aad2,2,0.8740772,True,0.2562255859375,True,0.5023291514477793,True,0.3673971732571066,True,0.7363294690593404,0.6775977978931766,208,112,192,96,0.3246634900569916,0.6570984721183777,False
3de892b0-7adf-40c4-9fec-db8a7e5bb5d6,2,0.1922359,False,0.08221435546875,True,0.4276169265033407,False,0.474964942670956,True,0.7588880640105584,0.5663614616844016,207,271,192,224,0.0279013756662607,0.1965176314115524,True
3df3ed06-02ba-49b0-9c46-d146e71cad5d,2,0.9969957,True,0.2662624782986111,True,0.7266568182975905,True,0.6552901023890785,True,0.640976007335337,0.8210228719881819,207,80,192,64,0.4688970744609833,0.9808392524719238,False
3df8778b-822d-4cae-8f94-9fe156c601b7,1,0.5890074,True,0.0513237847222222,True,0.8715644820295984,True,0.6469344608879493,True,0.3306025369978858,0.742468287526427,239,111,192,96,0.0416957661509513,0.5570924878120422,True
3e310709-b9b9-49c3-b2fc-cc82c5b8018a,1,0.8435088,True,0.0365532769097222,True,0.7018552875695733,True,0.6445269016697588,True,0.5300556586270871,0.785899814471243,239,144,192,128,0.1962094157934188,0.8497219681739807,True
3e68ba7b-58ae-4415-a4e0-1698e03c4489,2,0.6145675,True,0.2268202039930555,True,0.5951683310410811,True,0.3497578185732225,True,0.74409495903845,0.5032290856903665,240,143,224,128,0.16667540371418,0.5642185211181641,False
3e6a9a8b-2203-4b04-8d60-83fb82c1ed18,2,0.15140383,False,0.0799899631076389,False,8.47816871555744e-05,True,0.2473929631199661,True,0.6533276812208563,0.2740144128868164,208,368,160,128,0.0864776521921157,0.267025738954544,True
3e8eea71-b36a-49a9-8fbc-47749ee2c641,1,0.64052343,True,0.060302734375,True,0.6626180836707153,True,0.6977058029689609,True,0.2941970310391363,0.8680836707152496,175,112,128,96,0.0745002552866935,0.6612669825553894,True
3eb19434-abba-4221-bc02-545d97b9a093,2,0.009936418,False,0.0323825412326388,False,0.0,False,0.0,False,0.0624083769633507,0.0,336,335,32,352,0.0790679901838302,0.0215328782796859,True
3ecaaa65-d48a-4b92-8b65-cd37c32da231,1,0.011597361,False,0.025390625,False,0.0,False,0.0993589743589743,False,0.0,0.1794871794871795,47,368,224,96,0.0044510411098599,0.0079997545108199,True
3ed830ca-6746-47e8-b91e-0cfeeff9f9d2,1,0.062445287,False,0.0159505208333333,False,0.0,False,0.0,True,0.366921768707483,0.0,47,368,0,96,0.0734300538897514,0.1066906005144119,True
3efe3e31-90f3-42a2-ae15-70f8906f14ec,2,0.9071478,True,0.2127143012152778,True,0.7957342345214563,True,0.2887202703564369,True,0.7511636804182873,0.382324810304151,207,304,160,256,0.441040962934494,0.6492451429367065,False
3f0cede4-95d5-48f9-8ec9-1606ef72c56e,2,0.33938956,True,0.3113606770833333,True,0.4278619968635651,True,0.2071789510367659,True,0.8237062205959227,0.5822878550270082,143,143,160,224,0.4595612287521362,0.4008079767227173,False
3f167edb-74e4-4a4a-b710-9732659ac767,1,0.01919745,False,0.0376383463541666,False,0.0,False,0.0,False,0.0945945945945946,0.5299099099099099,79,48,64,64,0.0316786244511604,0.0221588686108589,True
3f167f68-6cde-478d-8e78-9ae22529c22f,3,0.035144847,False,0.0818888346354166,False,0.0,False,0.0,True,0.6578881987577639,0.6535817805383023,0,368,0,352,0.1363781839609146,0.0847954079508781,True
3f20c5bb-e534-42fe-b3f7-b6c3c4ec01ed,2,0.022286186,False,0.1205512152777777,False,0.1738298829882988,False,0.1307380738073807,True,0.5793766876687669,0.3566606660666067,47,335,0,96,0.0718512684106826,0.1589561253786087,True
3f283405-31fa-4865-acbc-0be1e297546d,1,0.3579041,True,0.0268079969618055,True,0.7103465722236276,True,0.7212243865418669,True,0.3706046040981533,0.6551985833544144,208,144,192,128,0.1418748348951339,0.4872082769870758,True
3f30b3ca-a94b-4305-bd38-1895aaa07427,2,0.032161444,False,0.1734144422743055,False,0.0,False,0.0,True,0.3886824918853389,0.5972390598725118,143,368,352,0,0.1677633374929428,0.1173696517944336,True
3f382606-c1bd-4742-82f8-36feafa7e643,1,0.14547919,False,0.0266927083333333,False,0.6016260162601627,True,0.7029979674796748,False,0.2299288617886178,0.5182926829268293,271,111,224,96,0.0136894760653376,0.1562335789203643,True
3f4eae54-fb2b-4616-a32f-c42f7df570b7,2,0.52786416,True,0.08221435546875,False,0.0805081250515549,False,0.0,False,0.0018147323269817,0.7704363606368061,208,240,192,224,0.6617043018341064,0.2698063254356384,True
3f504abe-2133-4e09-98af-743cdea486f9,3,0.49378237,True,0.0948350694444444,True,0.4613844393592677,True,0.4279176201372998,True,0.593320938215103,0.7730978260869565,144,111,128,96,0.0441833175718784,0.4888323843479156,True
3f8d726c-6c25-44dd-b9ea-e7138d6ca20f,2,0.70801073,True,0.4168023003472222,True,0.5670842824601366,True,0.3890660592255125,True,0.8503254149040026,0.4844126260982753,240,272,224,64,0.5558872818946838,0.4745855033397674,False
3fb60904-497c-4009-94cd-aa4e28ecc854,2,0.35097733,True,0.1184895833333333,False,0.2305975274725274,True,0.3008241758241758,True,0.6862408424908425,0.6986607142857143,0,336,192,128,0.1635790020227432,0.3201832473278045,True
3fc3e7fb-1fff-4ad0-9900-8874ada57d05,1,0.15804437,False,0.047607421875,False,0.0,False,0.1458689458689458,False,0.4413105413105413,0.1803418803418803,47,79,0,64,0.0958560779690742,0.2557152211666107,True
3ff0bd8f-7257-4ba9-a4ae-ae0c9f9138d7,2,0.59825355,True,0.4208034939236111,True,0.536696212731668,True,0.4383239323126511,True,0.8557614826752619,0.5456889605157131,208,272,192,256,0.3505325317382812,0.3137350678443908,False
400c2833-e303-4822-903a-621dd055712e,2,0.8951567,True,0.2345716688368055,True,0.4432623088265055,True,0.2742779496371679,True,0.8621816184336061,0.5462719361646766,144,112,160,64,0.6058573126792908,0.5433176159858704,False
401afe9b-4c20-41cc-b52d-21995c71e872,2,0.9519527,True,0.0662434895833333,False,0.3184889434889434,False,0.0709459459459459,False,0.167076167076167,0.6658476658476659,144,207,128,192,0.95344877243042,0.9144436717033386,True
405599ce-75dc-422c-b058-08022f60611a,1,0.50726646,True,0.0466579861111111,True,0.7101744186046511,True,0.6755813953488372,False,0.3071220930232558,0.7011627906976744,239,304,192,288,0.2096314281225204,0.6061488389968872,True
40fd6a4f-4987-494a-a297-80ba2cfa2dc4,1,0.21866935,True,0.0396864149305555,True,0.8096377306903623,False,0.1585782638414217,False,0.234107997265892,0.202323991797676,207,272,160,256,0.2114168256521225,0.2544163167476654,True
4126caff-aaa9-48c1-8873-94b05cc5aa1d,2,0.46812192,True,0.2405056423611111,False,0.4947552447552447,False,0.0999887209564629,False,0.5045680126325287,0.3637773516805775,79,336,64,352,0.3611647188663482,0.4810881018638611,True
419e1001-50d6-40bb-a448-57abdb795117,1,0.5519662,True,0.098876953125,False,0.0,False,0.0737997256515775,False,0.4244170096021948,0.5113168724279835,207,143,160,96,0.447037786245346,0.1999320983886718,True
426a8a7e-a02a-43fe-aee1-b052cbf0ed57,1,0.69035035,True,0.0395236545138888,True,0.7898078242964996,True,0.6585449553877831,True,0.3869251887439945,0.8316746739876458,207,143,160,128,0.0360839441418647,0.7189891934394836,True
45c7270e-c7ba-45c1-b226-061a83987ae7,2,0.97706646,True,0.1231553819444444,True,0.5298458149779736,True,0.4932819383259912,True,0.6770925110132159,0.8316629955947137,207,112,192,96,0.2594501972198486,0.9809491038322448,True
46c48199-1dcc-469c-ba56-f7a741dbfc50,2,0.7897206,True,0.1875881618923611,True,0.4383066411192653,True,0.3100394056614005,True,0.6714869310581686,0.632804309316366,176,112,192,96,0.2386389076709747,0.8149381279945374,True
4736f2b8-2834-467c-a8a4-49fbd25a18af,2,0.9938788,True,0.18743896484375,True,0.6164839538333514,True,0.4054415861644777,True,0.6066427873656789,0.6973479503599985,144,271,128,256,0.5052564740180969,0.9892232418060304,True
47ba820c-c63e-4efa-90af-7b88e6741151,2,0.20197059,False,0.2093912760416666,False,0.2316686099235652,True,0.169970203394222,True,0.6410156756056484,0.3686682212721855,304,335,160,96,0.2926963865756988,0.1811183393001556,False
47cb6d42-b61b-4cdc-b865-b26f2196f979,2,0.9703525,True,0.2552964952256944,True,0.573462611236552,True,0.3463673794660645,True,0.8133616682162306,0.530588391552663,144,143,160,96,0.3345894515514374,0.9677167534828186,False
47f08678-452a-458c-9933-ccd0f1126f20,1,0.59066117,True,0.0520562065972222,False,0.0,False,0.0,True,0.4998697238144867,0.5474205315268369,239,240,224,224,0.589716374874115,0.5314525961875916,True
48b71876-62c7-44c0-91b1-0952bbca6291,1,0.016914913,False,0.0162217881944444,False,0.0,False,0.0,False,0.0,0.0,304,335,224,96,0.0589930228888988,0.0178487375378608,True
48defac0-fab6-4c3f-9d1a-0ba441d599ec,2,0.7778066,True,0.1774495442708333,False,0.4823434991974318,True,0.345333639073607,True,0.695635557593824,0.6634946113276772,48,336,160,128,0.3604890704154968,0.7444706559181213,True
48eb6bcf-ddda-49f3-9f80-5a7a11b5bccc,2,0.938576,True,0.2972819010416667,True,0.6135596313532257,False,0.2473309608540925,True,0.638630349484442,0.5522857924993156,303,111,288,64,0.4548051059246063,0.3963601887226105,False
4a2fec02-fe01-42cc-a1fb-a1588b147f60,2,0.95506835,True,0.2122531467013889,True,0.5682791232666624,True,0.4203782989328392,True,0.6769761646111573,0.593424499968049,176,303,160,288,0.141399934887886,0.951142191886902,True
4b048bdc-0a0a-43ed-aa0d-5971e433874b,2,0.9222025,True,0.1205647786458333,True,0.5278996512543593,True,0.5201934975812802,False,0.3229834627067162,0.6307796152548093,144,303,128,192,0.5566707253456116,0.8447935581207275,True
4b0cbffb-4974-411f-ae98-553830c360f0,2,0.8668104,True,0.1234198676215277,True,0.6927853178746085,False,0.3601296774548052,False,0.5002472663333151,0.5545359635144789,208,79,192,64,0.5548021793365479,0.9017477631568908,True
4b26d000-be82-4426-80f6-d129ff2e8c7c,2,0.9237301,True,0.2696668836805556,True,0.6560708178251685,True,0.3653555980283673,True,0.7520873151594407,0.5287445930992858,207,272,160,288,0.3728476464748382,0.8693822622299194,False
4b7d10d8-97b4-4d5b-9a74-01c7c8a13b10,2,0.9800913,True,0.1521199544270833,True,0.4861575498194463,True,0.4254825910570193,False,0.2754224064910169,0.7574784895902992,144,175,128,160,0.5914872884750366,0.9794329404830932,True
4bfc4e8c-ee7b-4997-bcdd-e0734cba30b9,2,0.83828294,True,0.2023179796006944,True,0.5739282003150873,True,0.3694901619012503,True,0.6646666443200483,0.6358730265142627,208,143,192,96,0.1707844138145446,0.9051547646522522,True
4c2a3eec-38e9-459a-980c-545d0c50f7bf,2,0.97529614,True,0.2112630208333333,True,0.548728813559322,True,0.3163841807909605,True,0.8536851566512583,0.5752760657421674,176,272,160,256,0.3854903280735016,0.9808392524719238,False
4e27dfb7-0951-4b29-9851-b28d24f9b9f3,1,0.10393038,False,0.0470309787326388,False,0.0,False,0.0,False,0.2468637346791636,0.7565969718817592,47,368,32,320,0.149407222867012,0.2288451492786407,True
4e90e80e-e990-4f27-8bc6-c6c11e822974,2,0.9583822,True,0.2900933159722222,True,0.5884374415560127,True,0.5042079670843463,False,0.5412380774265944,0.6886104357583692,239,335,224,288,0.3532050848007202,0.9501341581344604,True
4e99be88-ebed-4cb1-ab69-09764a51c417,2,0.36026394,True,0.2821248372395833,True,0.4593639575971731,True,0.4069373332371818,True,0.755654912141535,0.4162880699983173,207,303,160,256,0.4495738744735718,0.4790467023849487,False
4ebf1975-7346-4f23-82b2-17f8e18dce6a,2,0.67405045,True,0.2668321397569444,True,0.4352666090580999,True,0.3810298378488283,True,0.691684033955167,0.6496467239363595,239,271,224,224,0.2777667343616485,0.703345775604248,False
4edadee3-ed63-4cb8-bced-20db6b38d0cc,2,0.84363765,True,0.26678466796875,True,0.8401586212155876,True,0.5932789343908081,True,0.5937873357228196,0.64734741605023,239,240,192,224,0.2175036817789077,0.845432698726654,True
4f34c638-80de-4e77-92c7-87ccd0453b32,2,0.7622471,True,0.2816297743055556,True,0.3907002504334425,True,0.1861635523020612,True,0.7903101521864766,0.468238297052591,143,240,96,224,0.5643985867500305,0.612831175327301,False
4f781277-d540-4cd6-b405-4f215281d78e,1,0.43956688,True,0.1166517469618055,True,0.3815475844427649,True,0.4241613859659322,False,0.2210336608336724,0.5023545142724261,208,79,192,64,0.3133147060871124,0.5727227926254272,True
504cbf6f-b20a-4a8b-8d78-e4016bada396,2,0.34742638,True,0.1322428385416666,False,5.128205128205128e-05,False,0.1099487179487179,True,0.5737435897435897,0.6583589743589744,47,368,0,288,0.40827676653862,0.3697701096534729,True
50cbc243-6654-4b10-b063-95b939f9eeca,2,0.8933094,True,0.2902967664930556,True,0.4095453908330608,True,0.4018595523991963,True,0.6265710414427884,0.7427463439704715,271,208,224,224,0.5616055727005005,0.5045508146286011,False
50d01d67-020b-4806-8ceb-b2838fb8709c,2,0.68479127,True,0.1982964409722222,True,0.5614227086183311,True,0.3241792065663474,True,0.4874487004103967,0.4204514363885089,144,48,128,64,0.584745466709137,0.5391045212745667,True
50d934dd-f974-48c2-b021-f40b9539051e,2,0.35644665,True,0.2527533637152778,True,0.3128789911456935,True,0.2918701368392809,True,0.6569895358196941,0.407110276361685,208,335,224,128,0.2352840304374694,0.3435619473457336,False
51f540ba-aad8-4e1f-bc8b-7373d3d23ee2,2,0.94994867,True,0.2600368923611111,True,0.6826882954308366,True,0.3830325474650532,True,0.7229031921552264,0.5222199040267056,239,80,192,64,0.2893716990947723,0.5196889042854309,False
52437d77-5a6c-4765-ae7b-a2383cac50aa,2,0.015967654,False,0.0595499674479166,False,0.003985878601526,False,0.0397449037695023,False,0.077098280378089,0.3359526249857647,0,336,32,256,0.0141178928315639,0.0272726695984601,True
528d7356-ba8d-4d21-934c-9557d0fe197f,2,0.828523,True,0.1297064887152778,True,0.4890201819512705,True,0.4705636306598347,True,0.6943427794625118,0.6892711492209558,176,112,160,96,0.2166737914085388,0.7439128756523132,True
52c8dcfc-eb27-449f-aeda-b14412989a4a,2,0.47708216,True,0.2049492730034722,True,0.4091856655967704,True,0.4867476258231031,True,0.7331987690678667,0.7136097415704311,240,272,192,256,0.2985936105251312,0.2431029677391052,False
5337cc53-2e5d-4583-8173-c130cbe8fc74,1,0.064065434,False,0.0753987630208333,False,0.0,False,0.071955387659651,False,0.2408706601906818,0.1842057924087066,0,368,192,128,0.0468992590904235,0.1277614086866378,True
537cd661-6eba-499a-a4bb-2f442897db12,1,0.68846846,True,0.0994127061631944,True,0.4764308615867385,True,0.4241762739613889,False,0.4610137117129408,0.6302612729381267,207,239,160,224,0.332093745470047,0.6261242032051086,True
53a939bb-ceff-43fe-a013-5b3179dfc804,2,0.8478418,True,0.2855088975694444,True,0.7864133016627078,True,0.265938242280285,True,0.8663182897862233,0.3335391923990499,176,272,160,256,0.2004011571407318,0.575289785861969,False
543f4f16-4b7f-43bc-8d44-da66513c58b0,2,0.92262185,True,0.2743869357638889,True,0.5269154720711814,False,0.3187345526445872,True,0.7374938210578349,0.6085516559565003,175,112,160,64,0.4946557581424713,0.6809847354888916,False
54539347-4e0a-4b42-af9a-420d5f0c95e7,1,0.6003055,True,0.04913330078125,False,0.0,False,0.0,False,0.3403726708074534,0.768391994478951,48,79,0,0,0.5954925417900085,0.5883570909500122,True
545eea70-f537-42bc-95e6-79e0c59f4c68,1,0.11858909,False,0.0598619249131944,False,0.0262829953551603,False,0.0,False,0.3169819870850798,0.0420301348136399,303,303,0,64,0.0931817144155502,0.1480471938848495,True
55d5a0b4-ff06-4c41-8aee-d3d49febd027,1,0.37840167,True,0.0232069227430555,True,0.5721800116890707,False,0.5780245470485097,False,0.2457627118644068,0.4301578024547048,208,304,160,288,0.1707844138145446,0.4420342743396759,True
55d5fe58-1dd5-454e-8628-92ef7f2993dc,2,0.906156,True,0.0632459852430555,True,0.613017370791336,False,0.1784259060690542,True,0.4606476517263564,0.4620416041175209,175,112,160,96,0.4226237535476684,0.940243363380432,True
5623a68b-8f2d-4295-bf4e-2f3a471cb84b,1,0.8146434,True,0.01751708984375,False,0.629500580720093,True,0.5822686798296555,True,0.5737514518002322,0.6848625629113434,176,112,192,128,0.5232071876525879,0.8080672025680542,True
567f81ac-7be3-4663-9a3b-826319bcd6ba,1,0.046638038,False,0.0031331380208333,False,0.0,False,0.0,False,0.0,0.1082251082251082,0,79,0,32,0.043772742152214,0.0499585196375846,True
56b5c0cf-8a3c-42f2-b3e2-adb2f550c451,2,0.5346125,True,0.0873209635416666,True,0.4446256601429015,False,0.3389251320285803,False,0.3268872320596458,0.6387076731904318,207,239,160,192,0.1104711443185806,0.6680145263671875,True
56b5e2ac-86d7-439e-b061-2ce718710d76,1,0.8978745,True,0.0418023003472222,True,0.7989941596365996,True,0.5014600908500974,True,0.45425048669695,0.6714795587280986,176,144,160,160,0.4071565866470337,0.8991213440895081,True
56b6e64a-0697-4768-a23c-11e2b2cbdea3,1,0.0017007223,False,0.01617431640625,False,0.0,False,0.0,False,0.0,0.0264150943396226,47,335,32,96,0.0036785090342164,0.0036785090342164,True
56ca817b-e17d-4b2b-95c8-d544a7786124,1,0.91730267,True,0.0439453125,True,0.8143518518518519,True,0.783641975308642,False,0.007253086419753,0.8125,143,271,128,256,0.4372226595878601,0.9139840602874756,True
56d828a4-3b3b-4ab1-bd49-45da987f8935,2,0.89533985,True,0.1162312825520833,True,0.4877764163603477,True,0.2702608086819534,False,0.5831728805647938,0.4230118443316413,208,143,192,128,0.3875744044780731,0.8971559405326843,True
56d96f1b-0a2f-40f9-8d6f-dc2744ba04af,1,0.84195566,True,0.0714789496527777,True,0.6872865275142315,False,0.3571157495256167,True,0.4976280834914611,0.5913662239089184,207,111,192,64,0.6440012454986572,0.7585106492042542,True
56dd1ee4-9568-4763-9a1f-36b6df629329,1,0.33252713,True,0.0272081163194444,True,0.8175473579262214,True,0.8983050847457628,False,0.0904785643070787,0.7400299102691924,144,112,128,96,0.0762699693441391,0.4406197071075439,True
5735ead4-b24d-411d-8151-e3bf27f8f0a5,1,0.858837,True,0.01544189453125,True,0.6574440052700923,False,0.5516029863855951,False,0.0553359683794466,0.6403162055335968,176,272,160,256,0.068288542330265,0.8677098155021667,True
5759f979-a582-4eea-8056-cc17c85bb984,1,0.05572029,False,0.0060967339409722,False,0.2146829810901001,True,0.1434927697441601,False,0.0,0.4204671857619577,304,335,288,320,0.0352111347019672,0.0558231435716152,True
57bffc6f-1656-45a2-9e49-e28d1dcbeee1,2,0.8086723,True,0.1058078342013889,True,0.3203435456992693,False,0.2009357774644276,True,0.3255351877964363,0.6263940520446096,207,144,128,128,0.2072147130966186,0.807612419128418,True
580ac649-504a-472d-abb8-0d53d82fc801,1,0.16398026,False,0.02362060546875,True,0.2997416020671835,True,0.4777490668963537,True,0.3919035314384151,0.3376399655469423,208,112,192,96,0.0503306314349174,0.1473096758127212,True
584b8c84-e2e5-4a88-b650-d97308671fdd,2,0.49579632,True,0.0843505859375,False,0.2574368869593182,False,0.0233156456021868,False,0.1858819745939861,0.4985528219971056,208,271,192,224,0.6087103486061096,0.3770817816257477,True
58508fc2-0fd8-4c2a-87ee-a3bdda7cd9ff,1,0.19269122,False,0.0290934244791666,False,0.1233100233100233,False,0.0,False,0.0,0.0,143,239,0,0,0.2668346464633941,0.1598721444606781,True
586ad370-dafd-45c0-9801-a89e7e20380a,2,0.6547844,True,0.0694512261284722,True,0.2606190801679523,False,0.1392442144321843,False,0.4093350258763792,0.5908602675519968,175,304,128,288,0.5203744769096375,0.5899525880813599,True
591142fb-40d8-4c86-81e3-f6437d671c37,1,0.37330446,True,0.0111897786458333,False,0.0,False,0.0,False,0.0,0.4472727272727272,208,303,192,288,0.4907465875148773,0.3957762122154236,True
591ef0ea-6a2f-4079-9bc2-20c988507809,2,0.96295285,True,0.1775783962673611,True,0.3214817643689135,False,0.1189994271529501,True,0.8028642352491885,0.4264655337025014,144,112,96,96,0.5095356106758118,0.9304582476615906,True
5a7cc989-874a-45e2-bdb3-9967f331babd,1,0.7733876,True,0.0592041015625,True,0.6004581901489118,False,0.50446735395189,False,0.0489117983963344,0.8770904925544101,112,207,96,192,0.1118218153715133,0.5634379982948303,True
5a8e51d4-1b33-45b3-8f96-5a4027462cbc,1,0.9272316,True,0.0821261935763889,True,0.7994219653179191,True,0.6345169281585467,False,0.2047894302229562,0.7747316267547482,175,80,128,64,0.4536249041557312,0.8866168856620789,True
5aa4469e-a36f-4ca9-b6e1-f0bc9dff2653,1,0.33764017,True,0.0373670789930555,False,0.0,True,0.5894736842105263,True,0.4246823956442831,0.0,47,304,192,128,0.1044773235917091,0.2494472563266754,True
5acc56a4-1b6e-4394-9364-9772047d583f,1,0.20386598,False,0.0791829427083333,True,0.6956149366221309,True,0.6248715313463515,False,0.1608427543679342,0.7144570058239123,143,271,128,256,0.0562363490462303,0.15934818983078,True
5c50e664-6bcd-4c92-b4d7-aa6a6fb1f46e,1,0.76401234,True,0.0154622395833333,True,0.8605263157894737,False,0.543859649122807,False,0.1539473684210526,0.6399122807017544,207,272,160,256,0.0564440265297889,0.754553496837616,True
5c643f67-e321-4f90-bcd0-58c4517561a9,1,0.118385084,False,0.0114610460069444,False,0.0,False,0.2710059171597633,False,0.0,0.0,0,336,128,128,0.0403890684247016,0.192691221833229,True
5cde22a6-dc4b-4306-8af7-a81baa15734b,1,0.019345103,False,0.0344645182291666,False,0.0,False,0.3778040141676505,False,0.0,0.2457693821330185,0,336,288,96,0.0115526700392365,0.021328080445528,True
5d1d4b97-459b-457a-b7cd-729c494ddb60,1,0.17909943,False,0.009521484375,False,0.0441595441595441,False,0.0,False,0.0,0.0,271,143,256,352,0.0899330154061317,0.2463519722223281,True
5d76b90a-e59d-4031-a49a-fca0f14aef78,1,0.37788498,True,0.0138888888888888,False,0.0,False,0.0537109375,False,0.1416015625,0.298828125,239,208,192,224,0.2176699489355087,0.3880381286144256,True
5dbb418a-7dc7-4ceb-a3f0-956b28b39734,1,0.22575782,True,0.009765625,False,0.0,False,0.0,False,0.0284722222222222,0.0,336,304,192,160,0.2267836332321167,0.2321360111236572,True
5df1e543-92ca-42f2-94a8-7446f944a1ba,2,0.9815244,True,0.2808430989583333,True,0.6876992176180817,True,0.4414662416690814,True,0.6664251907659615,0.6368202453395151,176,144,160,128,0.203390896320343,0.9181873202323914,False
5e32bc94-2e3e-4774-8823-a199e26b024a,2,0.1573957,False,0.0294257269965277,False,0.0,False,0.0,False,0.0,0.4719981562572021,0,368,0,352,0.1614524126052856,0.1340941190719604,True
5e36040b-0804-4c66-a879-32afdacf18ce,1,0.025516605,False,0.0164116753472222,False,0.0,False,0.0,False,0.1095041322314049,0.0,368,336,0,320,0.019456572830677,0.0331485196948051,True
5e3da45b-f7b6-4948-aad4-7a37cf9cae5b,1,0.55365616,True,0.006591796875,False,0.0,False,0.0,False,0.0,0.0,239,79,256,160,0.4407099485397339,0.5582366585731506,True
5e528963-b34e-4605-be13-8faaa2b0c65b,2,0.9658352,True,0.1090155707465277,True,0.6900777604976672,False,0.1038258164852255,True,0.5074961119751167,0.1981959564541213,175,112,64,352,0.7316341996192932,0.9384632706642152,True
5ead2889-223f-4fa3-a540-04495121c121,2,0.92788786,True,0.2255859375,True,0.3964045214045214,False,0.0626803751803751,True,0.7447390572390572,0.3345358345358345,175,80,0,32,0.5821940898895264,0.7732163667678833,False
5f016f29-19c6-4895-905b-354bae107073,2,0.86442494,True,0.0990804036458333,False,0.2180698151950718,False,0.1655030800821355,False,0.2709103353867214,0.8774811772758385,208,143,192,96,0.5365861058235168,0.7633073329925537,True
5f1d47f7-b5e6-45fd-9393-fbfafb495c4f,1,0.04216654,False,0.0308837890625,False,0.0,False,0.0,True,0.442907334211682,0.049187527448397,336,336,0,64,0.1014113202691078,0.0436910614371299,True
5f40e828-88a4-4f07-8286-b5446f4d4790,2,0.97529614,True,0.1092325846354166,True,0.5688830943068232,True,0.4018128763891476,True,0.8115105233749301,0.6684671260942447,176,272,160,288,0.4610774517059326,0.972779095172882,True
5f65bee6-5413-4c82-9f73-415793e1bef4,1,0.2617081,True,0.037109375,False,0.4769736842105263,False,0.175438596491228,False,0.012609649122807,0.5230263157894737,240,80,224,64,0.0328990407288074,0.3013620376586914,True
5fb1f7f4-d9ee-45d0-b335-fed129ce68dd,1,0.8587186,True,0.0623914930555555,True,0.712391304347826,True,0.6691304347826087,True,0.46,0.9177173913043478,208,112,192,96,0.2549724578857422,0.7365901470184326,True
5fe137e2-d416-4f49-b685-6a3fe5367910,2,0.9309621,True,0.1149020724826389,True,0.4419524287316296,True,0.4017588384583604,True,0.4051230596706604,0.796907277341675,303,271,256,256,0.1802509129047393,0.9175984263420104,True
5fe5ff08-5be1-4676-9bc7-4395b67514aa,1,0.09842541,False,0.0144314236111111,False,0.0,False,0.0,False,0.0,0.4605263157894737,79,368,0,352,0.12896329164505,0.1445106565952301,True
60370334-2b17-4c9d-a05b-b5746bdaa3b1,1,0.8716935,True,0.0161336263020833,False,0.0,False,0.0,False,0.0638923917612442,0.0,239,239,160,128,0.8756807446479797,0.8444089889526367,True
604a0eca-1494-47b8-a49b-713d24d070f9,1,0.8333246,True,0.0427788628472222,True,0.9072606214331008,True,0.8508243500317058,False,0.2653772986683576,0.8262523779327837,176,303,160,288,0.155206486582756,0.8190264105796814,True
60a47ebe-6e62-4691-85cc-d45a27aaacc9,1,0.18242553,False,0.04248046875,False,0.2980523627075351,False,0.0,False,0.2535121328224776,0.0025542784163473,272,111,288,64,0.2331820875406265,0.349643737077713,True
60ae6dde-b322-4c93-ad89-1b061fa48098,2,0.93451476,True,0.0889417860243055,True,0.7192527640106748,False,0.6235608082348456,True,0.6677849790316431,0.7510484178421655,207,271,192,224,0.3127897083759308,0.933914601802826,True
628eea1d-9db2-4a99-acb3-0d846c3ac48f,1,0.1991522,False,0.0439453125,False,0.0,False,0.3160493827160494,False,0.1679012345679012,0.6320987654320988,0,368,0,352,0.0824015066027641,0.1954404860734939,True
62f42357-5ae3-4eed-a5b2-f189b545e579,2,0.93891287,True,0.0970255533854166,True,0.623051653036975,True,0.6135458167330677,True,0.469001188229538,0.9133291395820228,176,144,160,128,0.8156734108924866,0.934634268283844,True
6327bbe9-a523-4204-b542-028c366d9f11,2,0.98971164,True,0.0712551540798611,True,0.7784334253354906,False,0.6595602931379081,False,0.3245455410678595,0.7745312648710384,271,80,256,64,0.2611424624919891,0.9858821630477904,True
632a88aa-2123-4bc6-92c7-b3dd7c91224c,2,0.9549844,True,0.09246826171875,True,0.6958562522918958,True,0.6443711037770443,True,0.5558489182251558,0.7265859919325266,175,143,160,128,0.4897627830505371,0.9651191234588624,True
637b1dfe-c876-44d8-b5a9-e5ebe3663773,1,0.46575195,True,0.03594970703125,True,0.4908507828711564,False,0.5268817204301075,False,0.1346915676287493,0.81569515185814,112,80,96,96,0.2756168842315674,0.5207857489585876,True
639b858a-eaf2-4605-9a90-25a07876421e,1,0.1538032,False,0.042724609375,False,0.1334920634920635,False,0.1625396825396825,True,0.3571428571428571,0.0,0,336,128,96,0.054600603878498,0.1793867498636245,True
6470a79b-e277-4f10-80ab-5d5484a010af,1,0.81669897,True,0.0216742621527777,False,0.5785356695869838,True,0.4956195244055069,True,0.3035043804755944,0.6683354192740926,271,112,224,128,0.225757822394371,0.7184956669807434,True
64917123-823f-4c01-a0d6-06bdfd899a6c,2,0.99128854,True,0.2389255099826389,True,0.6246487468422696,True,0.339842752121711,True,0.8060514887457069,0.4821322131077744,144,143,128,96,0.6131786704063416,0.8992984294891357,False
6565a9e6-3f01-4de8-a18d-ade3121c5d7c,2,0.6930576,True,0.1467081705729166,True,0.520778440345768,False,0.1812508667313826,False,0.4779734664632737,0.4868487958211991,144,271,128,224,0.6791787147521973,0.6255524754524231,True
656ac314-64a2-4281-8a08-6596c5c5a20e,2,0.9924521,True,0.1991305881076389,True,0.6969655689132582,False,0.3651874808432381,True,0.4192010353165548,0.4679698940843919,175,304,128,352,0.6598436236381531,0.9909447431564332,True
660413b7-c06e-4194-9157-be698934cbcc,1,0.93980294,True,0.0771145290798611,True,0.6023216955412892,True,0.6015302084249406,False,0.218978102189781,0.8605223814967901,175,143,160,128,0.4592882990837097,0.9628131985664368,True
66bcb6f8-946f-4f66-8d18-06f17b01d3cd,1,0.41187945,True,0.0148044162326388,False,0.0,False,0.0,False,0.0,0.0,303,303,64,288,0.4200047254562378,0.3991088271141052,True
66dc3433-430a-4625-ab04-ba239d8af9be,1,0.90958625,True,0.0340576171875,True,0.7204301075268817,True,0.7618478693747511,True,0.3365193150139386,0.7937076861808045,207,111,192,96,0.3842187523841858,0.9554855227470398,True
66dd2ba0-b107-4261-8acd-6a6a782f1d5f,1,0.7292306,True,0.0111083984375,False,0.0,False,0.0,False,0.1465201465201465,0.3669108669108669,176,271,160,224,0.6522414088249207,0.6887825131416321,True
6756a810-a4d0-4e64-9ea0-df78a7dd0cc8,2,0.9558166,True,0.07073974609375,True,0.483271019077749,True,0.4699453551912568,False,0.5562266321541559,0.844501965295753,207,175,192,160,0.4872082769870758,0.9789956212043762,True
67949b55-7b2b-41be-becc-70f86797db4e,1,0.12765263,False,0.0337049696180555,False,0.0595573440643863,False,0.1158953722334004,True,0.578672032193159,0.1426559356136821,47,47,128,64,0.0730323866009712,0.1318424493074417,True
6797dfe0-ba4e-464c-9644-8c1022b68a25,2,0.9666002,True,0.0568169487847222,True,0.3784912867032705,False,0.3638099785151587,True,0.355096681785629,0.8515158749104799,175,143,160,96,0.5040091872215271,0.970183491706848,True
67d3851d-3518-4f78-8386-9ef96574e1fc,1,0.4167373,True,0.0279269748263888,False,0.0,True,0.5211267605633803,False,0.0,0.0,304,335,256,96,0.0892956480383873,0.4707670211791992,True
6804008c-94eb-4870-ba6e-b06514073e71,1,0.9274948,True,0.0524088541666666,True,0.8603778467908902,True,0.7929606625258799,True,0.2718685300207039,0.8514492753623188,240,143,224,128,0.6550050973892212,0.9209320545196532,True
686f3f50-0432-4f11-9bd8-63dd369af840,2,0.96432143,True,0.0798068576388889,True,0.6343473827328348,False,0.395819170632223,True,0.4115397688647179,0.5857409925220938,175,143,160,96,0.7147276401519775,0.9310875535011292,True
687fbf95-5c46-4699-8b54-ee8e947226ca,1,0.9601375,True,0.0447591145833333,True,0.7568181818181818,False,0.5446969696969697,True,0.481969696969697,0.7545454545454545,208,112,192,96,0.8200374841690063,0.9669140577316284,True
688a3275-9225-4e2e-b719-0c754d6b222b,1,0.7900447,True,0.0145806206597222,True,0.781860465116279,True,0.6102325581395349,False,0.2009302325581395,0.6637209302325582,207,272,192,256,0.4956475496292114,0.7803278565406799,True
68c5169b-377b-4025-a26a-1e941a55a667,1,0.4071566,True,0.0546875,False,0.0,False,0.0086805555555555,False,0.1610863095238095,0.3618551587301587,79,336,64,352,0.3244494199752807,0.343892365694046,True
68fce9ea-3122-49bd-8968-85e8f9315c83,2,0.8889517,True,0.1969672309027778,True,0.5011362071340035,True,0.1801060459991736,True,0.5736468805949594,0.558600743699215,208,335,192,352,0.2397051155567169,0.9637799859046936,True
6951acfe-67a2-4dcf-a1a7-638dbd3ed528,1,0.95362175,True,0.02734375,True,0.5746527777777778,True,0.4474206349206349,False,0.3253968253968254,0.7127976190476191,175,111,160,96,0.4349412620067596,0.9718325734138488,True
695fc74e-72d0-4bcf-a9a9-a75e99fb7306,1,0.77864933,True,0.0204060872395833,True,0.7799933532735128,True,0.5111332668660684,False,0.0,0.632768361581921,272,111,256,96,0.068288542330265,0.6913931369781494,True
6966f0a9-201d-4ec6-a077-fe9d77c199eb,1,0.7871142,True,0.0204535590277777,True,0.8491379310344828,True,0.7320954907161804,False,0.0,0.7655835543766578,112,240,96,224,0.0980793163180351,0.7916600704193115,True
69692a08-ac46-407f-938f-a781b55e0752,2,0.9973786,True,0.0434163411458333,True,0.5431115276476102,True,0.4554826616682287,True,0.4222118088097469,0.7880349890659168,176,271,160,256,0.5962568521499634,0.9958337545394896,True
69702abd-0555-4e3c-bb6a-f73a1d47adfd,1,0.93721074,True,0.0286051432291666,False,0.465149359886202,True,0.4931247036510194,False,0.2268847795163584,0.524656235182551,271,304,224,288,0.8169911503791809,0.9267027974128724,True
6a41e296-8bda-4f84-8766-c253246b77d0,1,0.65068924,True,0.0220269097222222,True,0.728448275862069,True,0.6721059113300493,False,0.2964901477832512,0.8014162561576355,239,240,224,256,0.0119610968977212,0.6732991337776184,True
6ab78b00-c23a-4eef-b0c7-d9d6f684faaa,1,0.8562122,True,0.0238037109375,False,0.6105413105413106,True,0.4148148148148148,False,0.0777777777777777,0.7133903133903133,176,80,192,64,0.2711551785469055,0.875361442565918,True
6ab804bc-484c-4419-b791-d2ebada36138,1,0.95861524,True,0.0489298502604166,True,0.80997920997921,True,0.7186417186417187,False,0.1663201663201663,0.7607761607761607,144,111,128,96,0.6390605568885803,0.941975235939026,True
6b56a3bd-389f-464c-a506-c20d2a2d5b0d,2,0.96903247,True,0.1916910807291666,True,0.4977357956555579,False,0.2592513974386188,True,0.8056322083067997,0.5962640628316705,175,303,160,320,0.6145097017288208,0.9455001950263976,True
6bf02e28-807b-4020-a18a-3d34fed0d3aa,2,0.64523166,True,0.068359375,False,0.0923611111111111,False,0.0151785714285714,False,0.0699404761904761,0.2317460317460317,111,271,0,128,0.801159143447876,0.5903069972991943,True
6bf1ce7c-185c-4f99-869d-8af5c72c1a5e,1,0.6874202,True,0.0174560546875,False,0.5291375291375291,True,0.6146076146076146,False,0.0,0.5167055167055167,80,48,96,64,0.4549261927604675,0.6904547214508057,True
6c0341ef-950c-45c1-9009-777d893e8060,2,0.8171371,True,0.0407850477430555,False,0.1275357499168606,False,0.0798137678749584,False,0.2111739275024941,0.6887263052876621,207,271,192,256,0.5600120425224304,0.6940953731536865,True
6c7865de-dd67-4785-9234-a3b80e376360,1,0.85318035,True,0.0533854166666666,True,0.8324441056910569,False,0.4667174796747967,False,0.0571646341463414,0.5581808943089431,143,79,96,64,0.584567666053772,0.8401278853416443,True
6c917d96-f4b2-4c0c-b4dc-fcb399cfcb87,2,0.9914887,True,0.1077880859375,True,0.4264502327922486,True,0.4168868755505222,True,0.4085818547879703,0.7216559708065937,175,240,128,256,0.8057851195335388,0.9736947417259216,True
6ca7f663-f2ea-467c-baeb-7662614b3484,2,0.6641048,True,0.1360337999131944,True,0.474400518470512,False,0.2658656961962211,True,0.7339847450022434,0.5448427139937185,175,111,128,96,0.226270318031311,0.6482437252998352,True
6ce856cb-8c76-4ab6-ae18-d1afea549f94,1,0.48419714,True,0.0663384331597222,True,0.7636475158454303,False,0.5801472091596811,True,0.4189327335923124,0.6390308730320998,240,111,224,64,0.1717546880245208,0.5642185211181641,True
6ce8af4e-7d9f-4dc1-9caa-7b06b72ed863,1,0.012527932,False,0.0219930013020833,False,0.0049337033610854,False,0.1773049645390071,False,0.0555041628122109,0.2109158186864014,304,368,160,0,0.002406088868156,0.0151307275518774,True
6d13500d-05ee-4f4f-bc08-aeda019858fe,3,0.5637383,True,0.0450981987847222,True,0.48,True,0.4198496240601503,False,0.384812030075188,0.7944360902255639,175,112,160,96,0.0553106553852558,0.659624457359314,True
6d1efe52-1513-43c8-947f-158a33c0ad81,2,0.9912548,True,0.1992865668402778,True,0.6444565439324849,True,0.6308105900769073,True,0.6538147417137412,0.76669162186075,144,271,128,256,0.3448846042156219,0.9671630263328552,False
6d2371e4-f8cd-4f6f-bf9e-1e8773b3960a,2,0.9199307,True,0.146484375,True,0.5443981481481481,True,0.2311111111111111,True,0.6229629629629629,0.4388888888888889,208,80,192,64,0.4277552366256714,0.8914335370063782,True
6d6ee99a-1458-417a-a97f-fa58e67f0605,2,0.98469365,True,0.1852145724826389,True,0.7377613415839771,True,0.3075683790414119,True,0.714144483907583,0.4177437662480319,144,271,96,288,0.500821590423584,0.9637799859046936,False
6dc41591-33b0-4feb-a809-95bd1620f648,1,0.10650459,False,0.03173828125,False,0.0608974358974358,True,0.5948717948717949,False,0.051068376068376,0.273076923076923,0,368,160,128,0.0274806916713714,0.1716158092021942,True
6df264b0-ab7f-471c-b371-7c4018fb43a4,1,0.4237561,True,0.02801513671875,True,0.6935366739288308,True,0.6436698136044541,False,0.1742919389978213,0.5463568143306705,176,79,160,64,0.0482263416051864,0.48416668176651,True
6e028cf7-8ea4-4e7d-a2b5-0d5bd2eca495,2,0.9351099,True,0.0899658203125,True,0.3753957485300769,True,0.3076285240464345,True,0.3795416855118347,0.5301522689582391,175,303,160,256,0.4329023063182831,0.9653811454772948,True
6e32b376-5740-4565-abd0-b41035f7db64,1,0.026759284,False,0.0119900173611111,False,0.0,False,0.0,False,0.1233031674208144,0.8223981900452488,0,368,0,352,0.0190874338150024,0.0267084632068872,True
6e5571f8-ebf5-41f3-88e3-2e78a6dd5f0f,2,0.983343,True,0.2086317274305555,True,0.7532830581198804,True,0.5105642959303082,True,0.3917891041477051,0.6118190092315694,208,80,192,192,0.2363399267196655,0.9697281122207642,True
6f558e12-6030-4774-a18f-e7e7f5618bdb,1,0.075858176,False,0.0113932291666666,True,0.4928571428571429,False,0.6791666666666667,False,0.0,0.700595238095238,112,112,96,96,0.0120537793263793,0.0638316050171852,True
6fe4d086-05ee-4b7c-887b-58954b0c5e6d,1,0.5081017,True,0.0595296223958333,True,0.2205513784461152,False,0.1435406698564593,False,0.4203691045796309,0.7844611528822055,175,240,160,256,0.4062729179859161,0.3845653831958771,True
704d9847-5f78-4639-a9c1-324bfab30602,2,0.9753431,True,0.2259792751736111,True,0.5753256107076405,True,0.2480943520797071,True,0.4816937758838004,0.4601464497929296,175,271,128,64,0.6254380941390991,0.9187722206115724,True
70764772-7dbc-4ab1-a5ed-08108fa547d8,1,0.21601155,True,0.0232069227430555,False,0.0,False,0.102863822326125,True,0.5356516656925775,0.0,112,144,0,64,0.1367236226797104,0.4451978206634521,True
708849e5-564d-4e3a-855d-e1107874f513,1,0.44709817,True,0.03033447265625,False,0.3270735524256651,False,0.0232506147999105,False,0.2336239660183322,0.3612787838139951,144,240,128,192,0.5720654726028442,0.4332019686698913,True
70c6d6ca-f753-4860-9479-6f7f235e861f,1,0.87125593,True,0.0544230143229166,False,0.0,False,0.0,True,0.3406853582554517,0.6675389408099689,176,271,160,256,0.9315870404243468,0.814495861530304,True
7105d840-ed2b-42fa-a32c-ba10ff3604bb,1,0.24023944,True,0.0296088324652777,False,0.5455794777828676,False,0.4722858451672011,True,0.4803023362345396,0.7295006871278058,144,112,160,128,0.0314398519694805,0.1985298991203308,True
71131596-6768-4832-a4b4-5b7a1478d060,2,0.75219464,True,0.3247138129340278,True,0.6085085942231783,True,0.3889016520122804,True,0.8249201144504084,0.5944111442952319,175,112,160,96,0.1416372209787368,0.6621413826942444,False
716bf6b1-1764-4774-959f-1d5e3f6fe098,1,0.9585377,True,0.0861409505208333,True,0.6781609195402298,True,0.6575342465753424,True,0.4240277121713116,0.7783026295071642,176,111,160,96,0.7215470671653748,0.9303317666053772,True
71700acb-e58e-4f94-a8f8-a78d72c5fde9,1,0.85669243,True,0.0865885416666666,True,0.825109649122807,True,0.7403665413533834,True,0.4213659147869674,0.7881422305764411,239,111,192,96,0.3086068332195282,0.8356177806854248,True
717269da-561f-461f-93c5-f5047f91e5b5,2,0.9532751,True,0.2891438802083333,True,0.561614597992307,True,0.4992260061919504,True,0.9129374237733372,0.7311661506707946,240,111,224,96,0.4619268476963043,0.4213137030601501,False
718cee3f-4cff-4edc-92d3-80f0169e3b5c,2,0.91352236,True,0.1549343532986111,True,0.4185415390002626,False,0.3345881117044559,True,0.6129738247395605,0.6612973824739561,208,271,192,288,0.6706082820892334,0.7657685875892639,True
7193cbb0-daf6-4ee6-90b4-1db93123040d,2,0.96753323,True,0.2489284939236111,True,0.6374707132348935,False,0.1091919577180842,True,0.8452569062278646,0.314934888029205,144,112,0,64,0.5078652501106262,0.9343951344490052,False
719bb18b-a428-4fd8-9338-46f1187ffa5c,2,0.9838472,True,0.1329549153645833,True,0.7173680183626626,True,0.6682989033409844,False,0.268247895944912,0.802142310635042,240,272,224,256,0.2170054763555526,0.9815951585769652,True
719c6eac-44d9-44ae-a090-29e17f9349bf,1,0.9300781,True,0.0529649522569444,True,0.7605633802816901,True,0.5903969270166454,False,0.2320102432778489,0.6613316261203586,176,272,160,256,0.3139453530311584,0.9233161807060242,True
71bed21d-d089-4918-a058-2b6602d176a2,2,0.85848147,True,0.0904880099826389,True,0.5336880761447951,True,0.3885183242149441,False,0.3561417971970321,0.4656374128756651,143,272,96,256,0.4143063127994537,0.966537058353424,True
723c952a-b50a-42e1-a0d6-5d177bc635d2,1,0.6578682,True,0.0648193359375,True,0.7464950826532747,True,0.7432517263025737,True,0.4772965055450931,0.7412638627327893,208,143,192,128,0.5585376620292664,0.6988435387611389,True
728a07c1-31e8-4167-ad19-ddd7b96ad14c,2,0.952131,True,0.109375,True,0.5381944444444444,False,0.4025297619047619,True,0.6859499007936508,0.6031746031746031,239,143,192,96,0.4722422957420349,0.9725192785263062,True
729ad38e-12b9-4bc5-8773-cd1615b5bd04,2,0.105948284,False,0.1348741319444444,False,0.2549275945293644,False,0.2170152855993564,True,0.6345032180209171,0.6910197103781175,175,80,128,96,0.0371169112622737,0.2310932427644729,True
729f2aa0-9564-4228-b516-1d8d4be8bb55,1,0.068040416,False,0.01837158203125,False,0.0,False,0.0,False,0.0,0.0690291620524178,0,335,256,256,0.1396308541297912,0.0904137268662452,True
72a10e64-2d93-4b61-8b90-8efef7284ced,2,0.9658352,True,0.1305067274305555,True,0.4573373519018915,True,0.1689877364373311,True,0.6492413219704843,0.5122115984202869,144,112,160,96,0.5771974325180054,0.954562783241272,True
72cdac79-3367-4312-8b8f-2da4938b2153,2,0.89199936,True,0.0865885416666666,True,0.7098214285714286,True,0.6530388471177945,False,0.0830200501253132,0.7286184210526315,112,304,96,288,0.2549724578857422,0.8934953808784485,True
72dc0bc2-8c6a-4214-b06f-862e9e8444bd,1,0.0058653383,False,0.0179036458333333,False,0.0,False,0.0,False,0.0,0.6636363636363637,0,335,0,320,0.0066669313237071,0.0069306720979511,True
72dfb20b-bace-4888-85b5-22646ca74a28,3,0.95447797,True,0.1147732204861111,True,0.4478846608366816,True,0.3987827936658,True,0.5147128338454267,0.8406405105176081,175,143,160,128,0.2660711407661438,0.9624620079994202,True
72e35063-f91d-4110-83e0-07daa736fc7b,2,0.79486305,True,0.0515679253472222,True,0.7498684902682798,True,0.5673329826407154,False,0.2371120462914255,0.6708311415044713,175,271,224,64,0.0994702130556106,0.8314169645309448,True
72e5e42d-dddd-4ce2-90f9-ef9edbeaa549,1,0.14163722,False,0.0209011501736111,False,0.0,False,0.0,False,0.0412070084360804,0.5035691109669046,335,48,320,64,0.1072503253817558,0.1431877017021179,True
73247e1a-000f-4d41-825f-c8a0d2162007,2,0.41537303,True,0.0577324761284722,True,0.5449312815693645,True,0.4002114413250323,True,0.4245271937037472,0.6593445318923998,208,144,192,128,0.1954404860734939,0.5343999266624451,True
7342f4bc-2ce8-4d13-b820-7d90f8804a1b,2,0.9716717,True,0.2389594184027778,True,0.664490861618799,False,0.3043762061527982,True,0.7120842320354184,0.5576682937904416,271,111,256,64,0.7470627427101135,0.991906762123108,False
73e02b82-d818-45fe-80bd-3f8fd75bf95d,2,0.9983834,True,0.0975477430555555,True,0.7118325917686318,True,0.5784899888765295,False,0.2796857619577308,0.766059510567297,175,240,160,256,0.729519784450531,0.9992903470993042,True
74321b39-3aab-444a-893e-fa743ddc9224,1,0.66562796,True,0.0237630208333333,True,0.6763698630136986,False,0.7168949771689498,False,0.0445205479452054,0.677796803652968,208,240,192,224,0.1572662442922592,0.6993570923805237,True
74bf0245-0e19-45d6-9f31-65eaff09fb8a,2,0.2196721,True,0.0284966362847222,False,0.3829128986197049,False,0.2701094716801523,False,0.2134697762970014,0.6116135173726797,208,112,160,96,0.008315778337419,0.2107662856578827,True
7507bb99-a8cf-48c8-a4dd-859ad26e9e1a,2,0.9765801,True,0.0715060763888889,True,0.7396623672230652,True,0.5001896813353566,True,0.6595220030349014,0.6532625189681336,207,111,160,96,0.7869504690170288,0.963848114013672,True
7508399d-307f-450d-8f47-f24930ad6fb6,2,0.603815,True,0.0942518446180555,True,0.4590588573895524,True,0.3727154986328968,True,0.6527557922003165,0.6811771477910491,176,111,160,96,0.1615846753120422,0.8074606657028198,True
755233cd-2ad2-4cbc-b927-97243e46135f,1,0.88856554,True,0.0386149088541666,True,0.7620302072356867,True,0.7003863716192483,True,0.5755180892167193,0.825430277485072,208,112,192,96,0.0619894601404666,0.9076402187347412,True
7625412b-fbb0-46d7-9f7d-00b436cc467a,2,0.9685601,True,0.1360134548611111,True,0.7401775029916234,True,0.3637814120462704,False,0.3826785001994415,0.5422317510969286,175,303,128,288,0.104843370616436,0.9714558720588684,True
769f98fc-59c7-4f3a-af65-80a75b679923,1,0.9695556,True,0.0357394748263888,True,0.7614800759013283,False,0.6869070208728653,False,0.2286527514231499,0.8273244781783681,175,111,160,64,0.6837363243103027,0.9686195850372314,True
76f71a93-8105-4c79-a010-0cfa86f0061a,4,0.8677098,True,0.0534871419270833,False,0.2859135285913529,False,0.2280968682642322,True,0.4934702675288449,0.6416888550779765,112,272,96,256,0.5116174817085266,0.8063956499099731,True
772e6245-dac6-4f17-999c-368d4593f98b,2,0.96653706,True,0.087158203125,True,0.441098661686897,True,0.4357298474945534,True,0.5848117024587612,0.8733271086212263,175,112,160,96,0.5613951683044434,0.9473810195922852,True
775cfd2b-66a5-46ef-8531-c554744b634e,2,0.87439936,True,0.0648871527777777,True,0.592809364548495,False,0.5731605351170569,True,0.5757734113712375,0.6102633779264214,175,303,128,256,0.4257842898368835,0.961316466331482,True
780579a3-2dcc-4343-9c92-de8be54e2865,1,0.91398406,True,0.1073133680555555,True,0.7372977755308392,True,0.6713852376137512,False,0.4333291203235591,0.836324570273003,239,240,224,256,0.2942149639129638,0.9268352389335632,True
78221b16-5fd9-4a99-a966-56b693c2e5d7,3,0.9911527,True,0.1902262369791666,True,0.714367201426025,True,0.5795365418894831,False,0.5949019607843137,0.779108734402852,239,240,224,224,0.129292756319046,0.9950370192527772,True
78228039-bc86-44ce-8a13-57cf49ccf493,1,0.7394224,True,0.03076171875,True,0.3996913580246913,True,0.593915343915344,False,0.0,0.2087742504409171,176,272,128,256,0.7841538190841675,0.650245189666748,True
784a3ed0-2565-430f-819f-f713e1775344,3,0.58717394,True,0.0999959309895833,True,0.6435401831129196,True,0.3304849101390302,False,0.4809087826381824,0.5049169209901662,112,111,224,256,0.3402659296989441,0.5225372314453125,True
787fe62b-0e2b-481a-b1f3-2a3f754ba7dd,1,0.952131,True,0.0616115993923611,True,0.8081452944413869,True,0.7490368739680793,True,0.4288387451843698,0.834232250963126,175,143,160,128,0.0738297179341316,0.9579908847808838,True
7896b8d7-ca85-4cda-9246-9d7baeb3d487,2,0.86431044,True,0.0680677625868055,True,0.442363255952974,False,0.3035767659659261,True,0.6336554747434492,0.7742353292816578,207,112,192,96,0.1199225187301635,0.8377527594566345,True
78c33a1a-8f22-476c-ae97-8190192102df,2,0.9658996,True,0.1786295572916666,True,0.6836370539104024,False,0.3195899772209567,False,0.6627942293090356,0.5127942293090357,112,111,96,64,0.408040851354599,0.9286680221557616,True
79397fb3-fbe9-4b1d-baec-a934f2825e25,2,0.20641373,False,0.0583699544270833,False,0.0,False,0.1115371209480655,False,0.3946787498547693,0.7851748576739863,79,336,64,352,0.3567827641963959,0.1798184365034103,True
79398af7-b117-4371-b174-9a7644c12e06,2,0.9925103,True,0.1093071831597222,False,0.5163171609380817,False,0.1355006824668073,True,0.74364065020474,0.3211936964883981,175,175,96,128,0.7051762938499451,0.9895513653755188,True
794c2473-8e8e-4f2b-989a-7148d0737c95,1,0.22712629,True,0.0223795572916666,False,0.0,False,0.0,False,0.0812121212121212,0.0069696969696969,336,336,192,96,0.3373126983642578,0.2450850158929824,True
79719bdf-3066-42d3-8496-6a12e12d2523,2,0.81873685,True,0.03082275390625,False,0.0,False,0.0,True,0.3652365236523652,0.2068206820682068,207,240,160,192,0.7809967398643494,0.6501341462135315,True
79956cb1-e48b-4b95-92f0-c4f41a6bd1f5,1,0.43800378,True,0.0215657552083333,True,0.7257861635220125,True,0.7789308176100629,False,0.0,0.6616352201257861,239,303,224,288,0.009821793064475,0.5185157060623169,True
7a0105da-41e6-4500-8626-fb6e8f0dac5a,2,0.9535353,True,0.2518107096354167,True,0.4502975950014812,True,0.3763162855834747,True,0.7510974657294444,0.6471681344429183,175,112,160,96,0.4553802609443664,0.940243363380432,False
7a1e02f8-4965-4364-918b-83d3422f931b,2,0.97826034,True,0.07952880859375,True,0.7012023535431057,True,0.5727807623433103,True,0.5975952929137887,0.7811887098149569,207,111,160,96,0.4990454018115997,0.9758085012435912,True
7a5c7e58-8094-4ce4-94fa-e5e3e2fce6ab,1,0.87925047,True,0.0298936631944444,True,0.7277676950998185,True,0.4557622504537205,True,0.5117967332123412,0.6969147005444646,175,112,160,128,0.4930577278137207,0.8964328765869141,True
7a8dd22c-7af7-428c-a043-578390fc6fa1,2,0.69884354,True,0.1515638563368055,False,0.1035840529777618,False,0.0651930735155935,True,0.7442391158441094,0.6338538637075485,47,368,32,352,0.5211969614028931,0.7018152475357056,True
7ac15ebd-be55-4c7a-9035-34645d0cc1fd,1,0.5796384,True,0.0289306640625,False,0.7351148616971401,False,0.5609470229723394,False,0.2705110173464604,0.6882325363338021,208,111,192,96,0.4701283872127533,0.7044652104377747,True
7c735cd9-19d9-4918-a3fc-154c0a5c5d9c,2,0.99111825,True,0.1409505208333333,True,0.4492879137798306,True,0.305523479599692,False,0.5631735950731331,0.7449961508852964,272,272,256,288,0.5501240491867065,0.9892232418060304,True
7cc95413-c3e4-45ef-b047-4021529fbdb4,1,0.7876047,True,0.0276760525173611,True,0.810095564812546,True,0.7988238176917423,False,0.1580494976721392,0.7498162215143347,271,143,256,128,0.0805019214749336,0.8444089889526367,True
7cf4a9ef-0192-432d-bcf4-b4f8ebb3704a,3,0.9390248,True,0.0870361328125,False,0.3959794296400187,False,0.3174380551659654,True,0.3303724481845099,0.5536076047997507,175,303,128,224,0.8638516664505005,0.9641867876052856,True
7d80378b-b46b-4dbc-a8b5-70982536ea06,2,0.9881765,True,0.1772935655381944,True,0.7610450216119038,True,0.5291665072868454,True,0.5737291053054355,0.6373025284014842,176,303,160,288,0.4290107190608978,0.9880388379096984,True
7d93788d-2fb5-41f1-ba86-477681241879,1,0.717507,True,0.03375244140625,True,0.8416716897729556,True,0.7209162145871006,False,0.1959011452682338,0.8167570825798673,271,111,256,96,0.1078126356005668,0.642993152141571,True
7e2246e4-8412-4216-af50-7ae8c232f9b9,2,0.96425414,True,0.1098768446180555,True,0.5916553511912109,True,0.4279101345512899,False,0.3300209850635724,0.5983211949142081,271,143,256,96,0.842215359210968,0.974239468574524,True
7e81f530-2762-4af9-997a-914d24e3ea6f,1,0.94386727,True,0.0277506510416666,True,0.8387096774193549,True,0.6412512218963832,True,0.5750244379276638,0.6659335288367546,208,112,192,96,0.6894102096557617,0.9455001950263976,True
7eb0abcb-860e-4745-b311-28657770c038,1,0.6608293,True,0.0528971354166666,True,0.7534615384615385,True,0.5792307692307692,True,0.317051282051282,0.7791025641025641,176,79,160,64,0.1318424493074417,0.6281793713569641,True
7fa10f67-8c38-4027-b7f6-50887f85ad43,2,0.9422947,True,0.0661892361111111,True,0.4233606557377049,False,0.3651639344262295,True,0.4646516393442623,0.4349385245901639,207,112,160,96,0.8714748620986938,0.9519526958465576,True
8006bb8d-236f-470f-8a76-2dd20eafcd70,1,0.430267,True,0.0784098307291666,True,0.7276422764227642,True,0.5017298045320878,False,0.2720982528974225,0.6914028714755233,303,272,288,256,0.0531079061329364,0.4568943679332733,True
804249b1-2260-408b-9aaf-3f2e3eeae93f,1,0.30383506,True,0.0220269097222222,True,0.8734605911330049,False,0.8368226600985221,True,0.5166256157635468,0.8186576354679803,239,143,192,96,0.1408081650733947,0.2668346464633941,True
805f684c-7781-45ba-83db-4ae332bd2cd7,1,0.92093205,True,0.2411566840277778,False,0.1352924634420697,False,0.2830708661417322,True,0.4968503937007874,0.6182508436445444,175,240,128,224,0.9674717783927916,0.1588256061077118,True
809830cd-c757-4e81-abec-0d6d935ae0ce,2,0.7834919,True,0.1611192491319444,True,0.3368970452058254,False,0.4202373937200101,True,0.5518983079383787,0.7277127704352219,144,271,128,192,0.5000002384185791,0.5745141506195068,True
80a57687-c167-429b-84b5-3ed038c18e38,1,0.35342818,True,0.1078965928819444,True,0.6927718416090509,True,0.3000628535512256,False,0.4695160276555625,0.3611565053425518,207,271,192,288,0.3065270483493805,0.2859697937965393,True
80b493e1-a3a6-47a2-ae68-6a502c081507,1,0.8327813,True,0.1063910590277777,True,0.6369199388067313,True,0.2799592044875064,False,0.1057496175420703,0.52964048954615,112,272,96,320,0.7301936745643616,0.7809967398643494,True
811411e8-31da-4df5-9244-dd888c6af020,2,0.20370755,False,0.1585693359375,False,0.0019673252929603,False,0.0,False,0.2916345907108031,0.7030194166452827,304,47,0,288,0.3283140659332275,0.1619819551706314,True
813e0822-259c-4c62-81bb-86b6c0a2a948,2,0.95775455,True,0.2889539930555556,True,0.6614016147202403,False,0.2798770184003004,True,0.8297737514081862,0.4800976342470897,208,272,96,320,0.1770981550216674,0.7969253659248352,False
8160b6e6-9cbf-4083-b849-991b1eaed067,1,0.9645224,True,0.0689697265625,True,0.7704031465093412,True,0.8495575221238938,True,0.5246804326450344,0.8351032448377581,207,111,192,96,0.0815197601914405,0.9734938144683838,True
81785a74-18ad-49ba-92c6-e570b0d4ce57,1,0.20118472,False,0.0449083116319444,False,0.0,False,0.1692842041679251,True,0.53156146179402,0.1054062216852914,336,336,128,128,0.190724030137062,0.1835936307907104,True
81d9d146-e9bb-478b-aeed-c2431780030e,2,0.8701566,True,0.1064114040798611,True,0.3996558536740807,True,0.347970173985087,True,0.3533235612771652,0.8402906124529985,176,143,160,128,0.3453260362148285,0.889720618724823,True
8249731d-189a-4352-b8a9-80b68bd84254,2,0.96160597,True,0.0801120334201389,True,0.5136713789892491,True,0.5007195462625921,False,0.6147464657580631,0.8643020401252857,144,111,160,96,0.7227227091789246,0.961533784866333,True
824a4fda-1ff7-4ab9-bf6e-21fe6fa37f67,1,0.0012448434,False,0.0335015190972222,False,0.0,False,0.0,True,0.4085020242914979,0.3781376518218624,47,368,288,352,0.0037654135376214,0.0042315875180065,True
824d9f73-9c41-47be-984b-29b40f5a8b86,2,0.998835,True,0.2903849283854167,True,0.7912141806207524,True,0.7247950676101731,False,0.4664051005394801,0.7712931175412784,112,111,96,96,0.4954148530960083,0.9983450174331664,True
8295ec58-4848-4e22-9b39-129e0888f413,2,0.68836373,True,0.4110446506076389,False,0.3726716272623781,False,0.2378776129745425,True,0.8234478889970468,0.4891521341010708,175,336,0,256,0.4673925340175628,0.813164234161377,False
82edc80d-0b41-45e4-8460-e46f64c67dbf,2,0.69357675,True,0.1479288736979166,True,0.5217989272452207,True,0.3872919818456883,True,0.3141704488149269,0.7285563654701325,239,143,224,128,0.0675466954708099,0.5920770764350891,True
83276a98-f22a-46fd-ad83-93e37b1e8749,1,0.8873999,True,0.1432630750868055,True,0.8059171597633136,True,0.6165207100591716,False,0.496,0.6712426035502959,207,240,160,224,0.1626458615064621,0.9103862047195436,True
833a38fd-dab6-4dd9-ba53-0f536b86555b,1,0.5448922,True,0.0777587890625,True,0.8096110238967382,True,0.631083202511774,False,0.162742019884877,0.8049886621315193,112,112,96,96,0.0951811224222183,0.665410578250885,True
833d97e7-d927-4ff8-b7ff-6a28f629b6a9,2,0.7424217,True,0.3681301540798611,True,0.4886428531952913,True,0.3787373579205276,True,0.637123961461231,0.6502956726783707,303,80,288,64,0.4857217073440552,0.3547683358192444,False
835ea6ca-9564-41da-80de-568f18c82ab2,1,0.8477158,True,0.0764973958333333,True,0.8221631205673758,True,0.7290780141843972,False,0.4770390070921986,0.8109042553191489,208,271,192,224,0.3095452785491943,0.8711463809013367,True
83a9ae1b-36be-4a4c-a0cf-00e76a4f0463,2,0.87396973,True,0.0510728624131944,True,0.6161200371796575,True,0.5506572832293188,False,0.0581596069579073,0.8627008365422919,143,271,128,256,0.6950275897979736,0.8403899669647217,True
83c2c654-5bc2-41c4-b53d-054888e022d6,1,0.0349467,False,0.0438164605034722,False,0.0,False,0.0,True,0.5263891038538926,0.53056802352577,47,336,0,352,0.0258096233010292,0.0509881451725959,True
83f0d9e7-520b-41ee-a7c0-f93713784281,2,0.8609547,True,0.3483208550347222,True,0.6400256999338032,True,0.3614929325182041,True,0.7254779798294458,0.4891359370741014,175,304,192,96,0.5093830227851868,0.5750511288642883,False
8502b7bb-f681-47a1-aa45-06f6b692841a,2,0.6138154,True,0.1158243815104166,True,0.5210492417588852,True,0.3299959013993793,False,0.285672463258973,0.6129749985362141,240,304,256,320,0.2827900052070617,0.5328201651573181,True
8522dcea-7cb1-4289-93ba-2d45fc95541e,2,0.51984125,True,0.3157891167534722,True,0.6150112745624396,False,0.2290991087726833,True,0.4832599591968216,0.3540642113175131,208,47,64,64,0.2481695711612701,0.3661363422870636,True
852a3e14-dd80-4965-847c-913e49c53239,1,0.0012793075,False,0.0540364583333333,False,0.0,False,0.0,False,0.1315261044176706,0.3723644578313253,47,335,0,288,0.0036216855514794,0.0102486014366149,True
8540e870-c8f7-494d-a779-a5fba52040b3,3,0.6378207,True,0.2136908637152778,True,0.4291336083782926,True,0.2743890828308473,True,0.4481434465249127,0.5442081878768645,240,79,224,64,0.6378207206726074,0.6355618238449097,True
85ae17cb-e7dd-4d77-9bf5-8bccdae0f9a4,2,0.9007046,True,0.1062554253472222,True,0.6539443451621139,True,0.5247638498851162,False,0.4195813122287465,0.6892392136839418,208,271,192,256,0.2290175110101699,0.8832359910011292,True
85c3ed41-f0d8-40e1-b439-0607ff697619,2,0.49710277,True,0.1934000651041666,False,0.2119012553474998,True,0.235465320148678,True,0.6182761764499615,0.3634546602146013,111,47,160,160,0.4329622387886047,0.4378836154937744,True
85ea73b8-aef6-43a1-819d-0ceb0af633f5,1,0.24077459,True,0.0558742947048611,True,0.84561233159364,True,0.5398713436096614,False,0.4362179876198568,0.5443621798761986,207,240,192,256,0.0159676540642976,0.3261640965938568,True
8615dbf0-431a-4b5a-abd7-6811fb272ef6,1,0.40456623,True,0.0501844618055555,True,0.750945945945946,True,0.6766216216216216,False,0.2516216216216216,0.7777027027027027,112,112,128,128,0.169956237077713,0.4569246172904968,True
86459db9-dc9d-42f5-818d-9525684d5406,2,0.9587699,True,0.2414347330729166,True,0.5170641274121514,True,0.456841099969102,True,0.763714502401618,0.7943035307996966,207,111,192,96,0.4477621018886566,0.5986642241477966,False
86469e34-c9ba-4ec9-bbe0-6d04535122a0,2,0.90397453,True,0.0509304470486111,True,0.5693741677762982,True,0.5752330226364847,False,0.4560585885486019,0.8031957390146471,207,271,192,256,0.4164999425411224,0.908293068408966,True
86f084ef-539c-404b-9a91-c9a5d5ab3771,2,0.31848517,True,0.2101169162326389,True,0.5588548558887132,True,0.411257786528096,False,0.2922247684213924,0.4597359842494271,272,48,256,64,0.0761324763298034,0.3489778339862823,True
873f4d9b-de57-4129-a83c-0bfc6cdfa313,2,0.47084308,True,0.2383219401041666,True,0.5480336918786637,True,0.4762392578680781,True,0.5837744010016505,0.3684480109270958,208,208,192,160,0.266261875629425,0.5163972973823547,True
87e4af8b-1110-481d-86de-f315ca03936d,1,0.95589906,True,0.092041015625,True,0.7141909814323607,True,0.5355142941349837,True,0.3698791629826112,0.6986442676097848,207,143,192,128,0.8738621473312378,0.941331386566162,True
887f1973-3952-40a2-acf7-19a471c1c92d,2,0.98947024,True,0.3569675021701389,True,0.5879514410015768,False,0.2906700609837186,True,0.6705929289283203,0.5860706347246234,175,144,32,96,0.5769591331481934,0.9331876635551452,False
8882a89a-09fa-4724-9e1b-283023523b01,2,0.9887554,True,0.2553846571180556,True,0.6582399490148175,True,0.3759095013011843,True,0.8535503744224335,0.5995273248712093,176,112,192,96,0.6393983960151672,0.9787126779556274,False
88d25c7b-029a-484e-b860-284e164422cf,2,0.9313377,True,0.0868259006076389,True,0.4073264078731547,True,0.4733265640865422,True,0.7581816761696477,0.640787315472936,175,240,160,224,0.5133406519889832,0.895339846611023,True
893b6861-0bfc-4e9f-94d4-3a967dda4223,2,0.94796216,True,0.3185696072048611,True,0.4977115486961149,True,0.3591484832357637,True,0.6679510377860565,0.7418839808408728,176,272,160,288,0.5303732752799988,0.8446654081344604,False
895c1071-db4e-4163-a754-1f3e0d32d439,2,0.59443355,True,0.1855061848958333,True,0.3971265628427287,True,0.2868319075820721,True,0.4547049791620969,0.6565767346640345,208,112,192,96,0.3528704941272735,0.5482804775238037,True
89821e35-22be-4f81-9aca-15a5192a5c6d,1,0.25664565,True,0.0592447916666666,True,0.9111721611721612,True,0.7882326007326007,False,0.3923992673992674,0.8318452380952381,207,272,192,256,0.0141178928315639,0.2927974760532379,True
89e42055-203e-4f3e-be86-d234c067ae4f,1,0.23022674,True,0.0304429796006944,True,0.7231009133437292,True,0.4419692581866785,False,0.3390510135887725,0.4898641122744486,239,240,192,256,0.0800692662596702,0.2949252128601074,True
89ef518a-ad5f-4f83-9125-ec26c1006662,2,0.4859808,True,0.1332194010416666,True,0.3312461820403176,True,0.2929138668295662,True,0.4419161066992466,0.3745163917735695,175,303,128,256,0.2912831604480743,0.5708098411560059,True
8a19e3ab-3b83-40d2-8ba3-40906f01c5a4,2,0.9964619,True,0.2990247938368056,True,0.5992107590774046,True,0.334610935976232,True,0.7742952396071939,0.5861021023745265,175,240,128,256,0.5770187377929688,0.9626730680465698,False
8a233483-8ab2-4cc5-b32b-20fe40cc5d77,3,0.8834373,True,0.18408203125,True,0.7344164456233422,True,0.5782861774241085,True,0.5352195697023283,0.648209549071618,240,303,224,288,0.0677931383252143,0.8398653864860535,True
8a36f06f-80b0-43d6-8dcf-391e49587ebc,2,0.7574357,True,0.1279635959201389,True,0.6382426201706503,True,0.5067571148444538,True,0.6495839737134983,0.5442259791191902,176,272,192,128,0.5151244401931763,0.7479842901229858,True
8a4673b4-243c-432d-b2d6-fbc7500c2cd9,1,0.40221596,True,0.063720703125,True,0.7357386121753938,True,0.4907407407407407,False,0.1106853980417198,0.633248190719455,144,112,160,96,0.1971351355314254,0.3223126530647278,True
8a598b45-731f-4005-b5ba-3f09f2701dff,2,0.33111975,True,0.1246134440104166,False,0.3109115646258503,False,0.1811156462585034,True,0.5719183673469388,0.6077278911564625,336,175,320,160,0.1674908399581909,0.2078571617603302,True
8a7d2eff-9c77-461e-b50b-b6dac8e54ba7,2,0.40527222,True,0.0718655056423611,True,0.5365669529112013,True,0.5527035953571766,False,0.5309993394356893,0.7802208172124186,144,111,160,96,0.0730323866009712,0.5677568912506104,True
8aa0828d-eff2-4791-a38e-37c3f533f4c0,2,0.78695047,True,0.1490614149305555,True,0.39049135577798,True,0.18926296633303,True,0.6520928116469518,0.6378980891719745,176,80,192,96,0.6851073503494263,0.8230441212654114,True
8aa2f1cd-a9f5-4f10-8dd7-1d40b2fbaf50,2,0.98771137,True,0.3413289388020833,True,0.6121277145298126,True,0.3179948739345533,True,0.8276211480002384,0.5807553992569192,175,111,160,64,0.6053908467292786,0.9385759830474854,False
8aa93e86-e189-4412-ba91-725813f54b56,1,0.9817007,True,0.1335584852430555,False,0.2171727429674012,False,0.259977658170001,True,0.428404590230527,0.6995531634000203,207,271,192,256,0.95123291015625,0.7249676585197449,True
8aaeb451-26b5-4192-9a82-1d7eded2e363,1,0.21206883,True,0.128173828125,False,0.0,False,0.0,False,0.1625925925925926,0.4461904761904762,47,48,0,32,0.2186693549156189,0.347869336605072,True
8ab2915f-7b4b-4aa8-85a1-8121483c3776,1,0.34389237,True,0.0345594618055555,True,0.5932103610675039,False,0.6530612244897959,False,0.1473704866562009,0.7878728414442701,240,143,256,96,0.1853566318750381,0.4091027677059173,True
8ace1a2f-7c08-4bc3-88dc-50e2ea032056,1,0.41406935,True,0.0799560546875,False,0.2623409669211196,True,0.732824427480916,True,0.4587786259541985,0.4709923664122137,271,335,192,128,0.090735487639904,0.4181028306484222,True
8af89b60-74e2-4f60-8764-b954598cddc4,2,0.9349913,True,0.3944091796875,True,0.5206162522782765,True,0.3646101998005433,True,0.8715395990233502,0.6621616974448915,143,144,128,160,0.5271643996238708,0.5505469441413879,False
8afb5369-59d4-46c5-96e2-700291f598c8,2,0.98835784,True,0.3648546006944444,True,0.6534014869888476,True,0.3483828996282528,True,0.7965799256505576,0.614089219330855,176,303,160,288,0.5930202007293701,0.6556668281555176,False
8b2e953f-7c4d-48ee-ada6-8d12f1b4025a,2,0.9273633,True,0.186767578125,True,0.7268700072621641,True,0.5649237472766885,False,0.3686274509803922,0.7541757443718228,240,271,224,224,0.317743718624115,0.845432698726654,True
8b31fa8e-9b16-4185-b7e3-2cead2a6f4ea,1,0.3260568,True,0.0596788194444444,False,0.3504545454545454,False,0.2036363636363636,True,0.4098863636363636,0.0475,48,368,64,64,0.3117410540580749,0.4320634305477142,True
8b3ffca6-7869-474c-b397-58e089dd09ab,2,0.47215107,True,0.1271430121527778,False,0.0,False,0.0836355877960315,True,0.3471303605717943,0.3683059526349477,79,368,64,0,0.609407901763916,0.4826119840145111,True
8baa988a-3db3-4abb-8824-5532a4a020da,2,0.9656413,True,0.33740234375,True,0.5902074288470815,True,0.3846076539636597,True,0.8238261778420968,0.6433510210644798,240,80,224,96,0.4775389730930328,0.9020932912826538,False
8bd092f3-8098-4b44-b0e5-72f8449df38b,1,0.9765801,True,0.1420355902777778,True,0.7408804430863254,True,0.521342627960275,True,0.3953877005347593,0.7664724980901452,176,80,160,64,0.4705693423748016,0.9462003111839294,True
8c0fc3ed-b1c2-4979-bc1e-2568ee6f7887,1,0.0849471,False,0.0284084743923611,False,0.0,False,0.0,False,0.0,0.0,80,112,0,64,0.0712027251720428,0.1211648508906364,True
8c6af598-175a-497b-8938-02c432afd70d,2,0.9811669,True,0.3298746744791667,True,0.763784383865795,True,0.5029809629538259,True,0.787755437687595,0.5806915834052876,207,143,96,224,0.38444983959198,0.8746137022972107,False
8c79e5d7-7862-4db1-8d88-062abff2e172,1,0.98138225,True,0.0941704644097222,True,0.6703874405876422,True,0.5439291372605501,False,0.0048970185798646,0.7338326371885352,112,271,96,256,0.7962924242019653,0.9781771898269652,True
8ca19865-fd6c-4bcd-a2a0-7f9e9ea4bc5c,2,0.9428234,True,0.3293863932291667,True,0.6757463454807494,False,0.4116738727609635,True,0.8145768993205682,0.5973646283714227,240,143,256,352,0.419826328754425,0.722429096698761,False
8cc0b6f0-ca96-47a8-bf47-7fe2d3641d0c,2,0.7272012,True,0.3796454535590278,True,0.556528107750844,True,0.5111019810292778,True,0.8952680373698219,0.7156713885068148,207,272,160,256,0.5037268996238708,0.4585002064704895,False
8cd0b312-ea6b-43c6-b637-ccba125ee5cd,1,0.9834705,True,0.1409912109375,True,0.4557479557479557,False,0.2462722462722462,True,0.465031265031265,0.5566618566618566,176,111,160,288,0.9599877595901488,0.9530133008956908,True
8cd4d1a3-e2ac-4475-9a06-33bdaa9876f7,1,0.93686515,True,0.0689561631944444,True,0.7726199842643587,True,0.6848937844217152,True,0.5162273800157356,0.8714594807238395,208,112,192,96,0.4458914399147033,0.939024806022644,True
8ce28cb3-1184-4792-b774-229fa7dd633e,1,0.47517908,True,0.0797051323784722,True,0.6712328767123288,True,0.2649536288607164,False,0.3675657278992598,0.2601038032842678,239,303,224,288,0.4766405522823334,0.4567732214927673,True
8d0e17f0-014e-4e69-a2f5-bc08ef148dfd,1,0.92683524,True,0.0968899197048611,True,0.7164555190032897,True,0.6797088262056415,False,0.3403093721565059,0.8404843564079233,208,303,192,256,0.2391715943813324,0.925499677658081,True
8d4da897-7d1c-4d08-a5f4-f99092face76,1,0.62440807,True,0.1513671875,True,0.6347670250896057,True,0.4874551971326165,False,0.4975806451612903,0.5655913978494623,207,272,160,288,0.2572049796581268,0.5332759022712708,True
8dbe2174-b173-4e56-be9c-a2a1c29c0919,1,0.06681232,False,0.0542399088541666,False,0.0,True,0.148037009252313,True,0.5183795948987246,0.1946736684171043,0,303,192,128,0.0467249564826488,0.0585608258843421,True
8dd9cf58-1874-4592-b5aa-f5fd962337fd,2,0.36624962,True,0.2366536458333333,True,0.4662998624484181,True,0.2569348922512608,True,0.6475527281063732,0.4819176983035305,207,240,160,224,0.305075854063034,0.1583044230937957,False
8e09afee-7a2c-4a53-84ed-ed2dad8d02be,1,0.47962552,True,0.0486789279513888,True,0.8657007522986905,True,0.6714962385065478,False,0.2854555586514349,0.7118974644747841,207,303,160,288,0.264738380908966,0.4590761363506317,True
8e372481-be5f-488e-92e6-ebaefe9a7147,2,0.47597066,True,0.3492024739583333,True,0.4869882700225277,True,0.3639982909966597,True,0.5678940417928998,0.5349957274916491,239,143,192,128,0.1181813925504684,0.2340563088655471,False
8e52b303-1920-4d5d-8487-d86fb4e3e315,1,0.0075479234,False,0.00872802734375,False,0.0,False,0.0,False,0.0,0.4941724941724941,0,336,0,352,0.0130707845091819,0.020215967670083,True
8ec959f3-27f9-43dc-98d0-dfa7ddf7d9e9,1,0.61097586,True,0.257080078125,True,0.5940962329851218,True,0.1895642080827266,False,0.5030864197530864,0.4406985332911259,271,336,288,352,0.4242927134037018,0.6641048192977905,True
8f0e79ea-5db6-4a83-9886-c7d58f5f4825,2,0.9130583,True,0.1378716362847222,False,0.3317757009345794,False,0.2589276930644368,False,0.1511067388096409,0.7575012297097885,176,48,160,0,0.3469837009906769,0.9343951344490052,True
8f1e9f08-630d-4ea4-b448-1d465801d7e4,2,0.7325918,True,0.2017686631944444,True,0.6589809088464641,True,0.3946961548803441,True,0.618647485883302,0.6829120731379403,208,79,192,64,0.2210142463445663,0.4838770031929016,True
8f8d4853-d810-45ce-9673-1fdeeb0d8fd7,2,0.97118384,True,0.2203776041666666,True,0.6860228951255539,True,0.6875,False,0.5270187099950763,0.6836533727227967,143,271,96,256,0.5857529640197754,0.9689738154411316,False
8f8feef4-b211-4d70-83eb-cef152569c34,1,0.48168236,True,0.0804850260416666,False,0.1553758004718571,False,0.153690596562184,False,0.480788675429727,0.5913380519042805,208,112,224,96,0.2598256170749664,0.3746762871742248,True
8feb2bb2-88e0-4796-b5c5-005159a8d8d0,2,0.8037906,True,0.1280110677083333,True,0.6466412375503284,True,0.4481881754609027,False,0.3186586141131595,0.6381648654375928,143,112,128,96,0.2368691116571426,0.765943706035614,True
9038b827-4244-4154-bcf3-2d14c486bf54,2,0.9549844,True,0.3294813368055556,True,0.6854725835666063,False,0.4837806685328503,True,0.7378355013996377,0.6028527910423185,207,144,192,96,0.4682434797286987,0.842215359210968,False
908a9eb7-dc6d-4113-ba9a-28a50140563f,2,0.21370518,True,0.1581963433159722,False,0.0740343807604921,False,0.0653320186907875,True,0.5387319415269859,0.4161272345350881,47,335,0,320,0.3881540596485138,0.3038350641727447,True
90cfaf6d-0247-4431-be9b-bca6c060e394,3,0.61462533,True,0.3653496636284722,True,0.452081747814304,False,0.1860672321942346,True,0.7027082211868654,0.4805561227330945,207,335,0,64,0.382602721452713,0.5601323246955872,False
90dc43af-fe27-4f49-92c3-969de5551b5a,2,0.7574357,True,0.1647203233506944,True,0.437646671332702,True,0.5204001811519617,True,0.5497962040429825,0.558812631232245,175,272,128,256,0.3498658835887909,0.7520125508308411,True
90e7387a-be9f-4560-8155-e8f17d7c96f3,1,0.6899327,True,0.0573933919270833,True,0.8446177478435543,True,0.6352357320099256,True,0.4146283823703178,0.672929221316318,208,112,224,128,0.07696083933115,0.7540104985237122,True
90ea89b5-c9a8-4147-8882-70e8e656b888,2,0.6292052,True,0.2547268337673611,True,0.5968158462234765,True,0.4762652751524187,True,0.7554644445036075,0.5991853252043343,176,143,128,96,0.5795193910598755,0.5610044002532959,False
911a46a2-4371-4012-9f0c-c3b2b323c4fd,2,0.68162084,True,0.3740370008680556,False,0.1504152010733582,False,0.1823621133553323,True,0.8555680458352976,0.6299089821227835,80,48,0,64,0.4564703106880188,0.5235117077827454,False
91721abe-bffa-4fe6-b816-618de13464b2,2,0.9729338,True,0.4742838541666667,True,0.6557995881949211,True,0.3960049187828872,True,0.898364218714253,0.5252945550217342,207,112,160,96,0.5921360850334167,0.5374966263771057,False
918762a3-791d-48f5-9b3b-9c149ed72264,2,0.96295285,True,0.1761949327256944,True,0.6711827874215773,True,0.5201878295677611,False,0.5204957468919595,0.6901966821908317,143,272,128,256,0.6051575541496277,0.9548162817955016,True
91d9f69e-f6da-4f70-b539-7a3133714594,1,0.1465752,False,0.0710720486111111,True,0.6105916030534351,False,0.2927480916030534,False,0.1383587786259542,0.4565839694656488,112,80,64,96,0.1684461832046508,0.2171714603900909,True
91e5caec-93a8-4361-abbe-22fa1bd60c6f,2,0.820757,True,0.30438232421875,True,0.5726444310763541,True,0.280195174119377,True,0.798453757547401,0.5475124211839673,239,271,192,256,0.3158414661884308,0.7185943722724915,False
92097b0f-44d8-4358-937d-cbf8c34c0732,1,0.86177105,True,0.123046875,True,0.8243496472663139,True,0.6313932980599647,True,0.4600970017636684,0.796792328042328,176,111,160,96,0.2525683641433716,0.8660192489624023,True
9271f16e-e163-4ade-939b-3383b8252da3,2,0.80730873,True,0.2973429361979167,True,0.7448739879119626,True,0.2104915041623902,True,0.832751739080853,0.3165241190557646,271,272,224,224,0.4962750077247619,0.7162185907363892,False
92e64cff-df51-4747-9203-fb083bdc520a,1,0.69378424,True,0.1456231011284722,True,0.7900153681367299,True,0.6005681553578913,True,0.5024915009546873,0.6924509849578541,175,111,160,96,0.1617170125246048,0.7247728705406189,True
93059609-6473-4853-9413-7ecd7d3dae96,1,0.6311397,True,0.095458984375,True,0.8800795680591077,True,0.6660272804774083,False,0.2774225632281898,0.7433930093776641,240,303,224,256,0.1143685355782508,0.6356748938560486,True
931b6fb9-e53d-4748-8d66-0d0cf92c96ce,1,0.045777276,False,0.0364312065972222,False,0.0,False,0.0,False,0.2466492926284438,0.2786671630677587,336,304,0,64,0.0809367075562477,0.0479581020772457,True
93550df9-7f67-404f-a974-516acecd5c48,1,0.010368157,False,0.0387369791666666,False,0.0,False,0.0,False,0.3553921568627451,0.3585434173669468,0,336,0,64,0.0177803896367549,0.0216153338551521,True
93708fca-e95a-40b8-9c7f-e99c8ccf10fd,1,0.9552357,True,0.0384521484375,True,0.782010582010582,True,0.6502645502645502,False,0.1336860670194003,0.8037037037037037,271,111,256,96,0.4326026439666748,0.9640516638755798,True
938fb8f0-71d5-4c4b-98d4-0539a59a9ba4,1,0.034618836,False,0.0808783637152777,False,0.1030521549555592,False,0.0386550394096931,False,0.0150092235451953,0.594583263457991,47,368,32,352,0.0540986955165863,0.0617627091705799,True
93a0df9d-5094-4d9d-a0a8-cf5fe99b1845,1,0.4269188,True,0.1401163736979166,False,0.1595760127776971,False,0.0036300275882096,False,0.4460577900392043,0.4743236048593969,335,336,192,128,0.4595308899879455,0.423279196023941,True
93b49de9-9267-43c2-a507-6885e4caeaba,2,0.71353143,True,0.3508504231770833,True,0.5947037788731033,False,0.1928288392770851,True,0.805972745723398,0.3818498115395767,207,112,352,224,0.3224193155765533,0.6197014451026917,False
93d411f7-22d6-439f-b0f6-ff1ca5a15699,2,0.60247093,True,0.1731228298611111,True,0.4462942651206518,True,0.3815418364149169,False,0.2588921968035099,0.7460827326856785,240,175,256,128,0.3138402104377746,0.5409238338470459,True
93eb36cf-5356-4be3-b740-1c4d7a842741,2,0.89858866,True,0.12994384765625,True,0.6632221700328793,False,0.4459057460466573,True,0.6581076144251344,0.6165648974479412,176,112,160,96,0.3390612304210663,0.934035062789917,True
94808997-3c67-4d45-bf6e-423f3705d30d,2,0.050611433,False,0.0408393012152777,True,0.4853869146462969,False,0.1693789438724676,False,0.2093988708070408,0.3302889405513118,80,175,0,96,0.0383219756186008,0.0908967480063438,True
949d29ea-c8d1-4627-aa46-65aca7112946,2,0.7844842,True,0.0510457356770833,True,0.5470971170453036,True,0.4776139232097781,False,0.1041583632257207,0.8615650325494885,143,175,128,160,0.3514223396778106,0.8873999118804932,True
94ce6989-c700-4a9c-b3c6-8c5a512b6ff1,2,0.35298198,True,0.1052652994791666,True,0.5369797706481123,True,0.4081303955675815,False,0.7059013013786883,0.6433449297770906,144,240,160,224,0.1482937037944793,0.3399371802806854,True
94fd8652-cb5a-40c6-9c5e-e429de9e8715,2,0.7348813,True,0.1025119357638889,False,0.7586001587721619,True,0.5189203492987563,False,0.4269648055041016,0.6451442180471024,176,208,160,224,0.3182732164859772,0.774071455001831,True
9528063f-230e-4a25-b3b1-412caca2f750,2,0.684264,True,0.1142849392361111,False,0.2784239259435082,False,0.314621409921671,True,0.3636363636363636,0.2972940897222881,208,272,192,256,0.4020985960960388,0.8432507514953613,True
9530b7b3-6cf5-4d8f-b76a-8fcedc319c4e,1,0.5374359,True,0.0919596354166666,False,0.4446165191740413,False,0.247787610619469,False,0.4402654867256637,0.7642330383480826,144,240,128,224,0.5216844081878662,0.5422573685646057,True
95e6c3a5-1f34-4b87-8a71-a73032470fc0,1,0.1786691,False,0.2001410590277778,False,0.0029479533748983,False,0.0,True,0.4986785036595283,0.5250406614258607,0,335,64,320,0.3698839247226715,0.3505325317382812,True
95f7313e-5394-4dc7-9405-3c3356c5c964,1,0.27659282,True,0.1138034396701389,True,0.4995530659674632,True,0.3279899886776711,True,0.5058101424229784,0.4911507061557714,175,80,128,64,0.0982522293925285,0.4083357453346252,True
9683c5bf-fd40-4716-b7a2-1927b1f13319,1,0.42476985,True,0.147705078125,True,0.5107897153351699,False,0.1395775941230486,False,0.3095500459136823,0.3290174471992654,303,304,128,128,0.3601514101028442,0.3945508003234863,True
96862a19-db35-4c6f-a6f4-2f00a1bd303d,1,0.29706192,True,0.0465494791666666,True,0.816579254079254,False,0.5402097902097902,False,0.4249708624708624,0.7078962703962703,176,272,160,256,0.2643583714962005,0.4188157320022583,True
96f6e753-c609-440a-9c94-fa65d47b38d7,1,0.90582335,True,0.0677897135416666,True,0.818327330932373,True,0.693077230892357,True,0.3249299719887955,0.8364345738295318,240,111,224,96,0.475194364786148,0.9260365962982178,True
97a6f7c7-df3f-4127-907d-27823c48f2fe,2,0.8370879,True,0.1048448350694444,True,0.520633893919793,True,0.5071151358344114,True,0.6031047865459249,0.8614489003880983,144,112,128,96,0.3960681557655334,0.7967672944068909,True
97be853a-7fc0-43cd-85c3-a92ad92e5350,1,0.22101425,True,0.033203125,False,0.0,False,0.5900735294117647,False,0.3415032679738562,0.0,303,272,160,256,0.0973903983831405,0.1692685186862945,True
97fe9a9a-3b11-4cbe-b053-2d5de0739dff,2,0.9180404,True,0.2936333550347222,True,0.6732181625017322,True,0.5635364220056354,True,0.6608157420666082,0.6793385375767934,239,304,192,96,0.2956364452838897,0.8877896666526794,False
98170722-6cba-4e3a-8b9f-fba220d8e7f7,1,0.7871142,True,0.1301405164930555,True,0.6647212089630016,True,0.5561229807191246,False,0.4361125586242835,0.6381448671182908,175,240,160,224,0.3006429076194763,0.7287483215332031,True
98abcf3d-aa93-49e0-af76-029af14e6aa7,1,0.17738296,False,0.0639784071180555,False,0.0,False,0.0,False,0.4430782276870892,0.4403222387110451,47,336,0,64,0.2337063699960708,0.2407745867967605,True
9922146d-a19f-4889-80ca-d6f802118fdb,1,0.8873999,True,0.0816853841145833,True,0.6606890826068909,True,0.5579078455790785,False,0.4137816521378165,0.7427148194271482,143,272,128,256,0.5193080306053162,0.8985886573791504,True
99239481-5f84-4fe9-aa79-dfa79d3e7ae0,2,0.9298237,True,0.199951171875,True,0.6124677791344458,True,0.3616876950210284,False,0.31335639668973,0.6211165377832044,112,272,128,256,0.421016126871109,0.8767399191856384,True
99772300-b5be-44cf-b8a9-682247e5e8c7,1,0.92617035,True,0.070556640625,True,0.2080930411380238,False,0.0,True,0.272395232602845,0.2931564782775855,208,111,192,64,0.9352282881736756,0.8770562410354614,True
9a2accbb-06fe-4051-9542-2fa5f0c9e261,2,0.51425546,True,0.394287109375,True,0.4092535259717922,True,0.2994668042655659,True,0.8411076711386309,0.5151186790505676,175,239,160,192,0.4741137325763702,0.6253237724304199,False
9a3e1197-91f6-4e4d-9aeb-fcde3483849c,1,0.7762839,True,0.1397569444444444,True,0.6250485248447205,False,0.3602484472049689,True,0.4129464285714285,0.5015527950310559,176,143,160,96,0.5981361269950867,0.6874201893806458,True
9a4b8ac5-0371-4bc0-a609-32ad46806f7c,1,0.17064616,False,0.03460693359375,False,0.0,False,0.0,False,0.0,0.6098373505780913,112,112,128,128,0.2106039077043533,0.2592625916004181,True
9a543e59-766e-4da2-82aa-a891682b2793,1,0.27183118,True,0.068115234375,True,0.7656312226204699,True,0.8129231381919554,False,0.1999203504579848,0.7055953803265631,175,111,160,96,0.2188362777233123,0.3485342860221863,True
9a5ebaf8-f562-456f-a1fa-e485ee712790,2,0.89048487,True,0.3055284288194444,True,0.6955740033738791,True,0.2844712776347332,True,0.4943398739234662,0.4256192843824913,175,144,160,128,0.3908826410770416,0.7577943801879883,False
9a61bc75-01c7-496c-b5a9-b4ad264b7885,1,0.6599533,True,0.0845133463541666,True,0.7924891670678864,False,0.6191622532498796,True,0.5170919595570534,0.7877547745145241,176,111,160,64,0.0632505193352699,0.5172813534736633,True
9aa7e15e-45ea-4d4f-a5eb-97f021d97499,2,0.98527133,True,0.294189453125,True,0.5507376671277087,False,0.2351313969571231,True,0.7767404333794375,0.4948824343015214,176,111,0,32,0.5542895197868347,0.9976586103439332,False
9acc3015-cffb-414a-a8b1-87555ba73b50,1,0.8022459,True,0.0723605685763889,False,0.0,False,0.0,False,0.4219306466729147,0.6926897844423617,208,80,192,64,0.6711474061012268,0.8187368512153625,True
9ae26474-0da3-437d-a0dc-744b8c474bba,1,0.06705628,False,0.0789930555555555,False,8.585164835164836e-05,False,0.0247252747252747,False,0.4595638736263736,0.0269574175824175,303,335,0,128,0.0506114326417446,0.1280882507562637,True
9b176562-4004-4e23-965f-ae050251378b,1,0.35142234,True,0.0384589301215277,False,0.0,False,0.0,False,0.0049374008111444,0.0208076177041086,335,80,160,96,0.3933267593383789,0.6851073503494263,True
9b19d8e9-16b4-4a69-bcf0-181d4709d3f0,2,0.43206343,True,0.3440009223090278,True,0.6189847215377033,True,0.5968063085263676,True,0.8885362247412518,0.4470379497289305,240,112,224,96,0.2966542541980743,0.3087110221385956,False
9b6f8882-b59f-4a4d-8f48-b3f355fd70b9,1,0.6398486,True,0.1015625,True,0.3369391025641026,False,0.3846153846153846,True,0.4710870726495726,0.7005208333333334,144,143,128,96,0.2916865348815918,0.633976936340332,True
9bc684ec-12a8-4c76-85a3-29a75d550968,1,0.604107,True,0.1450602213541666,True,0.7733987844787283,True,0.5661524076671341,True,0.5015427769985975,0.6143525011687705,144,112,128,96,0.3210341334342956,0.7283620238304138,True
9bf4af74-aba7-41ef-9606-b19bf8526a72,1,0.48063102,True,0.0365532769097222,True,0.7764378478664193,True,0.527643784786642,False,0.1211502782931354,0.6064935064935065,175,143,160,96,0.3833526968955993,0.5761246681213379,True
9c28904a-278c-44ad-b4a9-7f5bc3ae58a6,1,0.6819386,True,0.12542724609375,True,0.7597188429305217,True,0.6079480940794809,False,0.4222762908894296,0.7762638550959718,240,240,224,256,0.1214771568775177,0.7204666137695312,True
9ca9ffa9-4810-4ed4-b919-39b2315ed461,1,0.92290026,True,0.0743408203125,True,0.7355409596788907,True,0.6354679802955665,False,0.2318919905126801,0.8569604086845466,240,272,224,256,0.4473697543144226,0.9553191661834716,True
9cf3c0e7-f25c-4358-b5a9-aca2e0b6f33e,1,0.15687834,False,0.0931396484375,False,0.1145332750837338,False,0.0,False,0.0934906072520751,0.6260375709916994,144,143,160,128,0.1419937759637832,0.1361483186483383,True
9d315378-b59f-4999-a993-cc4443925be6,1,0.28897023,True,0.079345703125,False,0.4058119658119658,False,0.2676068376068376,False,0.3756410256410256,0.6629059829059829,176,176,192,160,0.1993079930543899,0.3391706645488739,True
9d42ccce-13f6-4053-8597-988d3ca98b74,1,0.7309625,True,0.1416015625,False,0.1514367816091954,False,0.0806513409961685,False,0.4578544061302682,0.5115900383141763,111,112,96,96,0.6821503639221191,0.7774689197540283,True
9d5edce9-4fce-444f-b907-a70e2c6cd166,1,0.13788036,False,0.0312974717881944,False,0.0,False,0.0,False,0.3313109425785482,0.0,0,0,160,128,0.2333567589521408,0.2459895610809326,True
9d7688a1-8de2-414f-ab31-acb03992c952,1,0.2555294,True,0.0838216145833333,False,0.0529935275080906,False,0.0,False,0.483252427184466,0.6581715210355987,111,240,64,288,0.3072540760040283,0.2112540602684021,True
9d801278-8699-4eee-ac13-14de9cc773d1,1,0.98134655,True,0.0901082356770833,True,0.8326936102957778,True,0.7273274629336945,False,0.473470309324904,0.8039437043726951,175,271,160,256,0.0982522293925285,0.979195475578308,True
9d93caf3-5af3-48a0-9a6e-23bec560da26,2,0.8969756,True,0.2699042426215278,True,0.5382547300183421,True,0.4218196437096409,True,0.6787607728837408,0.7304203623206613,143,112,96,128,0.5119835138320923,0.4847535490989685,False
9dbd05f8-87b8-4902-8e3c-86da0690fd63,1,0.6638869,True,0.0412326388888888,True,0.6317434210526316,True,0.7157894736842105,True,0.4386513157894737,0.640953947368421,207,112,160,128,0.2431029677391052,0.683208167552948,True
9e0e8620-d08b-4704-9782-19b061a5d83b,2,0.82544905,True,0.313232421875,True,0.4589936780116047,True,0.3175067117000086,True,0.8217502381570971,0.6213951675759938,239,272,224,288,0.2398831397294998,0.8333246111869812,False
9e2df0fb-8488-4301-9e4c-8ca2457fca54,1,0.57110894,True,0.0802408854166666,True,0.6937964841108857,False,0.3083164300202839,False,0.4634043272481406,0.3493069641649763,175,303,192,160,0.3253061771392822,0.6313670873641968,True
9e310044-aadf-4584-871c-b0db5fc0982e,1,0.12273334,False,0.0380452473958333,True,0.6700534759358289,True,0.7358288770053476,False,0.3368983957219251,0.5645276292335116,240,272,224,288,0.0366313643753528,0.1097057834267616,True
9e6bd994-d868-4805-8511-08ddcbe33c14,1,0.100701615,False,0.2498779296875,False,0.1699777452097921,True,0.2660261629484883,False,0.5031753786028335,0.4632253161808609,0,79,256,192,0.2393493205308914,0.3224193155765533,True
9e6eb4fa-abd5-40a7-bd06-5ca016b16021,2,0.7078088,True,0.1815253363715278,True,0.6106773265588225,True,0.3059364142414166,True,0.7610490529383196,0.4208913961220906,176,144,160,128,0.1492831707000732,0.6890964508056641,True
9e98ccb4-e0b8-44de-acd0-4927030264d3,1,0.44755083,True,0.0784640842013889,True,0.7598962834917891,True,0.79533275713051,True,0.3690579083837511,0.7707000864304235,175,143,160,128,0.125172272324562,0.6777940392494202,True
9ebc1edb-315f-4f0f-bc9b-dfa933bc67d3,1,0.8446654,True,0.0836181640625,False,0.0,False,0.0,False,0.0690186536901865,0.8380373073803731,208,271,192,256,0.8639664649963379,0.8563323616981506,True
9ec108de-18b4-4446-a6e8-4c398f5a6614,2,0.72574586,True,0.0999620225694444,False,0.2993894165535956,False,0.2341926729986431,True,0.6316824966078698,0.7297829036635006,47,335,192,64,0.382718026638031,0.7613611221313477,True
9f2cf186-cae2-4b29-8312-d20cd1df7d25,1,0.34411275,True,0.0744357638888889,False,0.0,False,0.0,True,0.4486151603498542,0.2995626822157434,335,303,256,192,0.6165896058082581,0.297980397939682,True
9f2e86d5-cf74-4c4f-84f9-c9e842c8ef0d,1,0.6814089,True,0.0754462348090277,True,0.4633707865168539,False,0.3674606741573034,False,0.3473258426966292,0.5999101123595506,176,240,160,224,0.4706909954547882,0.5207552909851074,True
9f586862-a0d0-4980-ac2e-7a82c9d4c30b,1,0.8413048,True,0.1305474175347222,False,0.5382857142857143,True,0.2619220779220779,False,0.2837922077922078,0.3247792207792208,48,112,96,256,0.7969253659248352,0.7879312038421631,True
9f756055-99fc-4a80-97b4-f89f98cf92d2,1,0.3124749,True,0.0950249565972222,True,0.6096916928347131,True,0.3197259491864117,True,0.4516842706251784,0.364116471595775,176,111,160,64,0.2286728471517563,0.4552894532680511,True
9fae656b-cf66-4c4b-a5ed-1962ebcafb7d,2,0.34986588,True,0.0934516059027777,False,0.0,False,0.1645863570391872,False,0.4152394775036284,0.1841799709724238,335,336,96,128,0.2278127372264862,0.3570068776607513,True
a02c7ae4-7571-4ae8-ae35-5e4121ebd250,1,0.32530618,True,0.0551486545138888,False,0.4280619773733399,False,0.2395474667978357,False,0.3997786522380718,0.6276438760452533,47,368,160,256,0.2626526653766632,0.2459895610809326,True
a0a7949a-d305-40f8-a8a4-3cfcb773f3df,1,0.09384396,False,0.0945231119791666,False,0.0,False,0.0,True,0.3168316831683168,0.6161572679007031,0,368,0,320,0.1929952353239059,0.3366580903530121,True
a0b69080-fb84-49f6-a2ab-e3de1cfd2ad1,1,0.09859887,False,0.0942925347222222,False,0.0017261219792865,False,0.2209436133486766,False,0.4884205983889528,0.5116513233601842,47,335,0,288,0.1418748348951339,0.1044773235917091,True
a0d6ccfc-3f60-41a8-8e11-4fa091384129,1,0.037750278,False,0.0654568142361111,False,0.0,False,0.212184003315375,False,0.3628263572316618,0.0,335,336,0,96,0.0276377238333225,0.0999962985515594,True
a11a11e6-18b1-4efb-9c26-37f458bc1b0c,1,0.58575296,True,0.0780029296875,True,0.7980351243262042,True,0.4507042253521127,True,0.4306207616066771,0.5738132498695879,208,112,224,128,0.3107989728450775,0.528731107711792,True
a1328407-1ce1-492e-b014-27e30077cc27,1,0.45595554,True,0.0896267361111111,False,0.043205205811138,False,0.2590799031476997,False,0.4172215496368038,0.2538589588377724,208,336,128,96,0.3704530894756317,0.5391349196434021,True
a16503fc-2eb7-4a00-b101-2b5d976dc8a9,2,0.94143915,True,0.3444281684027778,True,0.6740371741356226,False,0.2510829329762936,True,0.7423997794754666,0.3733952902260376,239,304,0,320,0.3226327002048492,0.8589553833007812,False
a199305a-70db-4d2b-8354-691e91c8c27b,1,0.4424558,True,0.0962320963541666,False,0.5154334038054968,True,0.2886539816772375,False,0.4706131078224101,0.502184637068358,47,368,160,256,0.2746430933475494,0.5271339416503906,True
a1aff3c3-4eae-40ed-800d-d5aa693e1132,1,0.6355618,True,0.0489908854166666,False,0.0,False,0.0,False,0.4022702104097453,0.3478682170542636,208,111,128,128,0.6024709343910217,0.7086160182952881,True
a2018dbd-1979-452a-a629-b5230b69d259,1,0.009936418,False,0.0769178602430555,False,0.0,False,0.0,False,0.271557044612943,0.2739375771468876,47,368,0,64,0.0283821206539869,0.0351448468863964,True
a228d0c7-b6aa-409d-98df-569809daa353,1,0.4238157,True,0.08880615234375,False,0.2919434898816342,False,0.0659793814432989,False,0.3260786559755632,0.4116074837724322,80,112,224,352,0.4404692351818084,0.3257350027561188,True
a23f2117-8ee1-475e-aa06-e74f6b6118d7,2,0.8472108,True,0.06317138671875,True,0.5010198604401503,True,0.4878153515834675,False,0.0005367686527106,0.774771873322598,112,304,128,288,0.643441379070282,0.8206132054328918,True
a28266ba-94b1-4789-88e7-e7a1c4bc6d0d,1,0.72700745,True,0.0519205729166666,True,0.8333333333333334,True,0.7272727272727273,False,0.0705329153605015,0.821969696969697,303,240,256,224,0.3276683092117309,0.6655192375183105,True
a2990f44-8592-4427-b704-b19565a0bedd,1,0.6979178,True,0.0725640190972222,True,0.747196261682243,True,0.3014953271028037,False,0.1,0.3963551401869158,111,271,96,224,0.3670433759689331,0.6623597741127014,True
a29d2f91-e135-4810-b896-ee443666df54,1,0.9579909,True,0.0711127387152777,True,0.8617203890902155,True,0.7245851611672707,True,0.3883272935342361,0.8154682433721152,176,80,192,96,0.3608268201351166,0.959307074546814,True
a2c7baa7-e6f5-4409-bf23-d96c54d6843b,2,0.5961981,True,0.1149766710069444,False,0.188510086115371,False,0.3106051669222602,True,0.5635838150289018,0.4092249616609649,0,79,160,256,0.3648906946182251,0.6260098814964294,True
a30e9f7b-4de5-4e40-afc3-cf23361a14e2,1,0.073164724,False,0.0390421549479166,False,0.0,False,0.0,False,0.0112906027444849,0.0,335,48,0,192,0.1059482842683792,0.1074374765157699,True
a3215a02-302a-40c7-ab0e-e1159cce77f6,1,0.8828326,True,0.1267903645833333,True,0.6923406076166024,True,0.5802310654685494,False,0.2072635857937526,0.6209884467265725,144,240,128,224,0.5289440155029297,0.8326452970504761,True
a3330875-c899-4f4f-81e7-40eea365b08f,1,0.21783626,True,0.0747545030381944,False,0.008255465844144,False,0.0,False,0.432731561280958,0.5642746983579787,79,304,0,288,0.2021280229091644,0.2243951708078384,True
a33882f0-bccb-4c22-8104-deae4a3b3b4c,1,0.24889915,True,0.0920003255208333,False,0.0012531328320802,True,0.3066489753796255,False,0.4462627156125608,0.2264484741264927,303,304,160,224,0.1253863126039505,0.1529156267642974,True
a35df48c-325d-4b85-8f4d-5b96e886634e,2,0.631026,True,0.2053765190972222,False,0.2346123365473517,False,0.2168141592920354,True,0.4921080438515388,0.1917183991546691,47,368,160,128,0.33687624335289,0.6120198369026184,True
a36e7035-fe1e-4145-85cc-e893094beb3a,1,0.88483775,True,0.0630425347222222,True,0.7202022375215146,True,0.6764199655765921,False,0.0,0.8598321858864028,112,240,96,224,0.1089450418949127,0.9307105541229248,True
a3729a13-c791-4f7b-bd48-fbaf4f7fc0e4,2,0.8130158,True,0.1821560329861111,True,0.4161578555472822,True,0.2938942665673864,True,0.6283693224125093,0.586969471332837,143,303,128,256,0.276104599237442,0.8325091600418091,True
a3a15e9c-71d6-440e-9457-89e2aff93fe0,2,0.9878996,True,0.1051025390625,True,0.8066847335140018,True,0.7253839205058717,True,0.5923344947735192,0.76119499290231,239,111,224,96,0.2887696027755737,0.9887554049491882,True
a3a2056f-fca5-46bb-bfc2-bfc7d381169a,2,0.5086203,True,0.0727267795138889,True,0.7255688176053712,True,0.4834949645654606,True,0.3153674002237971,0.4765013054830287,143,111,96,96,0.0803574696183204,0.5030688643455505,True
a3a2bb07-b700-4ce4-824c-03859b93e5b3,1,0.38734263,True,0.10107421875,False,0.0,False,0.0,False,0.4871846484165325,0.8391035963499731,47,47,0,0,0.5024604797363281,0.4154323637485504,True
a3ac5fe9-431c-4c10-8691-d0d26e6a0edd,1,0.19651763,False,0.2756076388888889,False,0.0353346456692913,True,0.3570374015748031,True,0.4880413385826772,0.4432086614173228,368,271,160,192,0.2719278931617737,0.4278747737407684,True
a3f5a3d9-78a1-4689-8b1e-15f146e14b4a,2,0.8253083,True,0.1186048719618055,True,0.4989421922351192,True,0.4074561152724569,False,0.3128823832123049,0.7003830979472812,112,80,96,96,0.361390084028244,0.8826303482055664,True
a410dbbd-1ee8-4b79-876e-200b093b0e43,2,0.98262435,True,0.4058634440104167,True,0.5363844470065333,True,0.3817568132070112,True,0.8348789413003158,0.6059952879843601,240,80,160,64,0.5586881637573242,0.9786719083786012,False
a458d820-3a26-4f46-ab7b-28f42a1ff4e0,1,0.47301814,True,0.0546332465277777,True,0.7826464746772592,True,0.5496524329692155,True,0.4828699106256207,0.660253227408143,208,112,192,96,0.0677931383252143,0.3094409108161926,True
a46cc8cc-8314-443f-a7b6-c16eb68a4a3f,2,0.87514824,True,0.2190619574652778,True,0.4240913875301839,True,0.3137886198996966,True,0.8320537428023033,0.7449074360720699,143,111,96,96,0.4619875252246856,0.9313377141952516,False
a4746533-ed20-4024-9193-cc9c101e0f94,1,0.56403846,True,0.0914849175347222,True,0.6745737583395107,True,0.5506300963676798,False,0.3821349147516679,0.7667902149740549,208,239,192,224,0.2276410013437271,0.5688949227333069,True
a47c09af-6f13-4057-a0e6-6e1f422b584d,2,0.94468933,True,0.1546630859375,True,0.7508550381478558,True,0.7661141804788214,True,0.6555292466894677,0.769271244409366,208,144,160,256,0.6796041131019592,0.9469902515411376,True
a4ac5fc1-dbc7-4380-8265-04e05f959c0e,1,0.33372033,True,0.2544623480902778,False,0.1245935717712275,True,0.3276477799690848,True,0.4967485741698204,0.2073450242524385,143,240,256,128,0.3116363286972046,0.3155250251293182,True
a4d40476-66d3-4733-9db5-63b4fd7215a8,3,0.71243227,True,0.1203816731770833,False,0.4870148160667004,False,0.0712072559292434,False,0.4084276942144104,0.2891668075038026,239,303,160,352,0.4886113107204437,0.709522545337677,True
a4e7b487-c516-4e48-a31e-8b21e0a18117,2,0.9119669,True,0.1033935546875,True,0.7585596221959858,True,0.6380690017053653,True,0.5760199396563033,0.8149678604224059,208,144,192,128,0.0973903983831405,0.9384632706642152,True
a5193f5a-e9f4-4e32-a520-5b06d13f1d2a,2,0.97262347,True,0.1205986870659722,True,0.8200528594725299,True,0.6918967553281223,True,0.5932632289265029,0.7700050610133273,175,271,160,256,0.6907677054405212,0.95413738489151,True
a5282399-d86c-4e4a-a91e-bd62a535d2ad,1,0.6079541,True,0.0494384765625,False,0.3572016460905349,False,0.2098765432098765,False,0.231275720164609,0.2629629629629629,144,144,128,352,0.524394690990448,0.6157234907150269,True
a563cfdb-338f-491e-b370-10a7b2e36982,1,0.38496998,True,0.0795491536458333,False,0.0,False,0.0,True,0.5048593350383632,0.6333333333333333,335,336,320,352,0.4861027896404266,0.405801922082901,True
a57f578f-1e6f-4248-bd38-2dacfa772fdb,2,0.9775,True,0.1182183159722222,True,0.8795318953648462,True,0.6827673244607618,False,0.4003556677374942,0.731929784304727,144,143,128,96,0.7980294823646545,0.979393482208252,True
a5fb7e34-07b2-4534-8f9f-3fb289ed8d26,1,0.17300859,False,0.2027994791666666,False,0.5372191011235955,True,0.2835741037988229,False,0.4894997324772606,0.356775013376137,207,335,160,320,0.1425896883010864,0.4213137030601501,True
a60ea99b-fcba-4bf6-9ffe-c5f700e50792,1,0.33982763,True,0.1054823133680555,False,0.0,False,0.0,True,0.3541854185418542,0.453066735244953,112,111,64,96,0.6119039058685303,0.3115316033363342,True
a6148502-53a7-4916-93c1-9fa49c9a953b,1,0.28706777,True,0.0664605034722222,True,0.5477551020408163,True,0.4383673469387755,True,0.501938775510204,0.618265306122449,176,144,192,128,0.0526189506053924,0.3361131250858307,True
a65ddf29-a6d5-430b-8096-4528c45b47b1,1,0.3765085,True,0.0649007161458333,False,0.0,False,0.0,False,0.3404388714733542,0.4635318704284221,79,336,192,0,0.4846163392066955,0.3726193606853485,True
a662a526-362a-4c97-9407-3ac207c5ba81,2,0.9024378,True,0.1404215494791666,True,0.7285810876074568,True,0.614701052834927,True,0.6450304259634888,0.7111948227566889,144,112,160,128,0.3606016337871551,0.8964328765869141,True
a66d881d-c072-4ea0-a00c-74a62981a3e8,2,0.7942254,True,0.2243381076388889,True,0.4982769044740024,False,0.0905985489721886,True,0.5217654171704957,0.1084038694074969,207,144,0,352,0.535371720790863,0.7070003151893616,False
a69b6651-4a96-4fbf-bd9f-d2ec7161e5d2,1,0.5055845,True,0.0822347005208333,False,0.1989114299851558,True,0.4169553026554511,False,0.0756226290615207,0.1107537522678542,336,335,64,128,0.5176776051521301,0.5417118668556213,True
a6aa1429-135a-49ed-bbaa-ebede9b1b63c,1,0.7858021,True,0.0660807291666666,True,0.8623768472906403,True,0.6042692939244664,False,0.1846264367816092,0.7000205254515599,271,111,224,96,0.0580247528851032,0.6831024885177612,True
a6b8e55c-5e2a-4ee3-8731-479985e068f0,1,0.09334688,False,0.0539415147569444,False,0.0,False,0.0,False,0.2395021372894141,0.4562484284636661,48,336,0,352,0.1305068880319595,0.1346620768308639,True
a6c364d2-b2d6-4b0b-a439-40b992ff65c7,2,0.98080254,True,0.3474256727430556,True,0.6748780011711888,True,0.4546164356822174,True,0.807866484481749,0.5700761272691782,208,143,192,128,0.4979725182056427,0.8826303482055664,False
a6d95e82-3d6c-4047-abf2-505f059cdf17,1,0.6093498,True,0.0889756944444444,True,0.8838414634146341,True,0.6972560975609756,True,0.5080792682926829,0.7429878048780488,208,111,128,96,0.1010559052228927,0.6548947095870972,True
a7a95de8-1075-49df-a0ed-edc1baca084d,1,0.489595,True,0.0629475911458333,True,0.7122387416505064,True,0.403038138332256,False,0.4649859943977591,0.6477052359405301,176,271,160,256,0.0547015108168125,0.5104278326034546,True
a7b7222f-91db-467e-afb7-68f44f06c6a2,1,0.8701566,True,0.0782877604166666,True,0.8701489951489951,True,0.7872487872487872,False,0.3770790020790021,0.8683298683298684,239,272,224,256,0.1163617670536041,0.8850365877151489,True
a7bbb7d4-3dab-4510-81b6-d79020126058,1,0.4929242,True,0.0597873263888888,True,0.7945780399274047,True,0.6111615245009074,False,0.4609800362976406,0.7239110707803993,176,271,160,256,0.1524103283882141,0.5012807846069336,True
a7c69985-832e-4c35-810c-6578955cec97,2,0.99433607,True,0.1458062065972222,True,0.7205116279069768,True,0.7038139534883721,True,0.6967906976744186,0.8004651162790698,144,112,160,96,0.6031139492988586,0.9935867786407472,False
a85de598-dc47-445e-982b-e0db1c3d18db,1,0.115960725,False,0.0967610677083333,False,0.0,False,0.0717689935520044,True,0.4908887019904682,0.0865573310905522,304,0,320,224,0.0736962705850601,0.2297079712152481,True
a87fca97-b625-46c0-a9af-9456c03aaaaf,2,0.961171,True,0.1673109266493055,True,0.634631753881075,True,0.5535649142718171,True,0.7088079121235459,0.7096996473592477,176,112,160,128,0.3408142030239105,0.9773707389831544,True
a89d0ed5-5c57-4769-855e-6cfb7b9958c1,1,0.008412978,False,0.0498250325520833,False,0.0,False,0.0,False,0.3548387096774194,0.2602422757588131,336,0,352,256,0.0078158881515264,0.0111150136217474,True
a8b5a123-6dbd-412e-a871-12f4f65a6a05,2,0.64846635,True,0.1166856553819444,True,0.371207718237824,True,0.3927699639660583,False,0.5013367429966291,0.5704986632570034,143,111,128,96,0.3509773313999176,0.6332968473434448,True
a8caec22-eaf7-4acf-bbb8-fa3cdf4f69d5,2,0.8716935,True,0.1275634765625,True,0.3694843168527379,False,0.1956406166932482,True,0.7364167995746943,0.5189792663476874,175,112,160,96,0.4157881438732147,0.9053223133087158,True
a8cb813b-9d3a-46ff-8003-053271cdcc9a,1,0.10743748,False,0.0775824652777777,True,0.7554195804195805,True,0.5545454545454546,False,0.1804195804195804,0.5847902097902098,143,112,128,96,0.055412795394659,0.1780965775251388,True
a8d39eb7-7495-410b-8c23-0723b5245dae,1,0.272218,True,0.068115234375,False,0.0,False,0.0,False,0.39705296694544,0.224810832337714,271,111,224,96,0.2252461463212967,0.2549724578857422,True
a8d85d30-72b0-45c3-8234-9544fbb60c09,2,0.4263216,True,0.09088134765625,False,0.0858891127527796,False,0.0,False,0.3795985374225804,0.3527348705320498,47,79,192,96,0.367383748292923,0.3030094802379608,True
a8e2a670-e58f-48c1-bf03-051d1678cbc9,2,0.96820134,True,0.2331882052951389,True,0.617536716591537,True,0.4402210266104406,True,0.7306674421986331,0.6221026610440599,176,112,160,96,0.6220002174377441,0.9652503728866576,False
a8eb3550-b9a0-44e9-84e5-cabc2d890425,2,0.2617081,True,0.1435275607638889,True,0.2760820260820261,False,0.2443299943299943,True,0.5769230769230769,0.3459175959175959,239,208,160,160,0.2249054908752441,0.2773751020431518,True
a93def1b-0944-4a6d-b49a-cfff8dca694b,1,0.0647717,False,0.07904052734375,False,0.1540969540969541,True,0.5793221793221793,False,0.4594594594594595,0.0265122265122265,0,336,160,224,0.0136368358507752,0.104843370616436,True
a94f400d-d742-49a8-9821-f0028c807a5e,1,0.9592307,True,0.0486653645833333,False,0.1183110367892976,False,0.1870122630992196,False,0.0,0.7279821627647715,176,271,160,256,0.867260754108429,0.9600626826286316,True
a9552aa7-691e-40ab-835b-16237c608b03,2,0.81420064,True,0.1426052517361111,True,0.417015408027392,True,0.4083127258892904,True,0.598202396804261,0.7373977553737874,176,143,160,128,0.4718164205551147,0.8312800526618958,True
a965cb42-5f7b-4cfb-9970-6fe6b80f640c,1,0.5971969,True,0.1618448893229166,True,0.6393044206997696,True,0.5457364341085271,True,0.4112717368531322,0.6186465535302744,175,111,160,96,0.2727019190788269,0.5012636184692383,True
a9c3b3d8-0e8a-4b5f-b05d-d66f5f8fe2ad,2,0.8912444,True,0.1404622395833333,True,0.6498165314793356,True,0.4113557358053302,True,0.6429606025492468,0.6114812668984164,176,271,160,256,0.0875638425350189,0.9315870404243468,True
aa02e36b-226b-454b-8d8a-66e4ada01d99,2,0.4713753,True,0.1499091254340278,False,0.3765211490612983,True,0.3925356254241122,True,0.7622257407826284,0.3893236824247907,336,336,160,128,0.2323101460933685,0.4832216501235962,True
aa1970b8-5039-4ba9-a933-4bd96ad81a91,2,0.98555213,True,0.2777574327256944,True,0.6312474058158557,True,0.4288155870791317,True,0.8205434968381473,0.5830505163952437,175,111,160,64,0.5612749457359314,0.8342719078063965,False
aa61804a-c589-4027-b85f-4eaf8282e3a8,1,0.6966811,True,0.0664605034722222,True,0.7762244897959184,True,0.6737755102040817,False,0.3987755102040816,0.8517346938775511,176,239,160,224,0.1359187662601471,0.7188904881477356,True
aa78c204-135e-4605-8310-7202c41e08cc,2,0.9001793,True,0.2144571940104166,True,0.7879075356544287,True,0.4484394269993359,True,0.7688075135186415,0.4680137874331974,175,271,160,96,0.2603894770145416,0.9014011025428772,False
aaa75c43-b169-4831-a539-f6fb2b173a05,2,0.2674082,True,0.0660942925347222,True,0.2025446336958752,False,0.0540734660373486,True,0.4171967986866406,0.4231479581366714,144,240,0,96,0.2298808097839355,0.276104599237442,True
aabc6613-e421-4402-8e28-53dea1fde054,2,0.0715912,False,0.0403645833333333,False,0.0,False,0.0,False,0.0104166666666666,0.6814516129032258,47,368,0,320,0.0758581757545471,0.0991208627820015,True
aac8b420-f849-4c60-8486-0155f282633b,3,0.22202466,True,0.1466403537326389,False,0.0170189150441659,True,0.1803172547750081,False,0.3561947925819729,0.1971511816121722,336,336,160,128,0.3178495764732361,0.2370456606149673,True
aadc5c44-f71c-4975-8946-d5e8b484441a,2,0.27202454,True,0.0936211480034722,False,0.0064469395146685,False,0.2004346251358203,False,0.3920318725099601,0.4807678377399493,336,336,128,224,0.2168395966291427,0.3473156988620758,True
aaf0cb77-efe2-4129-ba1e-a7b153132427,2,0.6345433,True,0.0760158962673611,True,0.4308145240431796,True,0.375769470960835,True,0.4171647783031492,0.8640378267463645,176,175,160,160,0.0436910614371299,0.6527949571609497,True
aaf35f7b-67a4-472b-85f1-fd87bdf13080,2,0.7666432,True,0.2270982530381944,True,0.4982530534237167,True,0.41090572460955,True,0.5844058888523905,0.7296861468629617,271,111,224,96,0.3924532532691955,0.6858443021774292,True
aafda091-8953-40c4-802e-853a206e50d2,1,0.2641685,True,0.0386149088541666,False,0.4771689497716895,False,0.6770284510010537,True,0.4975412715138742,0.4004214963119072,304,336,160,128,0.1163617670536041,0.297265887260437,True
ab1131b2-d179-4087-b32b-463a3e615ba6,2,0.9498557,True,0.1136338975694444,True,0.5950107424206255,True,0.5293626163762234,False,0.4779183576032466,0.8494270708999762,143,272,128,288,0.1658631563186645,0.9596865773200988,True
ab15c0f4-0b43-47d5-85cb-b5d29f330ef6,1,0.95447797,True,0.0193074544270833,True,0.753775904460836,False,0.5489989462592202,False,0.0,0.7428872497365648,144,272,128,256,0.7685595154762268,0.9014011025428772,True
ab27263e-592a-43ef-a1dd-6bea8a934e6a,1,0.46947467,True,0.0235188802083333,True,0.6707035755478662,False,0.4325259515570934,True,0.4382929642445213,0.6326412918108419,208,143,192,96,0.1033859625458717,0.4914635121822357,True
ab59e6e8-22f2-43f0-8fbc-3e8bcaba1d47,2,0.9281487,True,0.3214857313368056,True,0.5239320746756672,True,0.4358611960763632,True,0.6878388355658686,0.5271595823225398,239,143,224,128,0.3635338544845581,0.6929537057876587,False
ab5af9ff-8001-4442-af29-693abdb98e14,2,0.04995852,False,0.0971476236979166,False,0.0,False,0.0,True,0.4263874345549738,0.3079232111692844,368,336,96,0,0.2218560576438903,0.0764076858758926,True
ab6c8c45-7aad-43f3-9b5c-49cfad1dc0f6,2,0.038610928,False,0.1211615668402777,False,0.0521101533639314,False,0.026306951751931,True,0.5391245942012761,0.4295869248852569,0,368,0,320,0.1949802190065384,0.066934198141098,True
ab96fe46-8079-448d-a9e2-76b8e096e6ae,2,0.39653543,True,0.0653550889756944,True,0.5184185949984434,False,0.2880564491024178,False,0.0577980699387776,0.6339109681436131,271,272,224,256,0.1635790020227432,0.2503625452518463,True
abda22a1-7761-4590-a1a8-132e093c54f2,2,0.805173,True,0.3207804361979167,True,0.6429885203272658,True,0.5080019449905921,True,0.7847614215344284,0.673685545760132,239,271,160,96,0.2944177985191345,0.5357967615127563,False
ac0fa091-cdb3-4e17-a8bd-58545c3e0106,2,0.18097353,False,0.1182183159722222,False,0.0,False,0.0458926112895823,True,0.7502868288205599,0.6029141808168885,0,47,0,32,0.2416683137416839,0.2478053569793701,True
ac2dbd3f-3b25-4628-8b69-338d34cbf628,2,0.7685595,True,0.0994940863715277,True,0.6277009065503374,True,0.5529957058141912,True,0.6924545020789312,0.7067684547747256,207,271,192,256,0.1208532229065895,0.6406359076499939,True
ac3e813f-0c91-461e-83eb-e3bdac5bb756,2,0.630685,True,0.0642632378472222,True,0.3552131701139721,False,0.3121570282819755,True,0.3359012241452089,0.7715280709159983,80,239,64,224,0.2445433586835861,0.7047700881958008,True
ac4bf897-0752-4095-9404-1e6ff42a1dfb,3,0.3713646,True,0.2136637369791666,False,0.1167714086205802,True,0.2317018980511648,True,0.5232019297911509,0.5490700184091919,47,336,224,64,0.2683658003807068,0.369428813457489,True
ac51aa90-d1ca-4247-911b-09e5b324fa30,1,0.080069266,False,0.1396484375,True,0.4169094794094794,True,0.2983682983682983,True,0.4772241647241647,0.3769425019425019,240,111,256,96,0.0532062053680419,0.2481695711612701,True
ac648f87-a79f-4ce0-9439-23a8dd886b71,2,0.9492005,True,0.2650282118055556,True,0.396136131013306,True,0.3098259979529171,True,0.7934493346980552,0.6879222108495394,207,111,192,96,0.5418634414672852,0.873214840888977,False
ac69ac97-4835-40b9-a4a7-442626dd28e9,1,0.034618836,False,0.0346544053819444,False,0.0,False,0.0,True,0.2868884540117417,0.260665362035225,47,0,128,64,0.0725052505731582,0.0159063916653394,True
ac87627c-76ef-4704-b965-6e2badb21d5e,2,0.8934954,True,0.22216796875,True,0.4182844932844933,True,0.2663614163614163,True,0.4385531135531135,0.5561965811965812,143,272,128,256,0.3725051879882812,0.7682119607925415,True
ac9106d5-8cbc-46b0-b27e-8c998b04ef51,2,0.6794978,True,0.35845947265625,False,0.517244641201733,False,0.2199519458160697,True,0.7857048262292601,0.5363528009535161,80,336,32,320,0.5940803289413452,0.5514227747917175,False
aca5cb44-9cfc-420b-a0c4-19f9ef692afb,2,0.084341794,False,0.1579996744791666,False,0.1655077689072023,False,0.1431024122242252,True,0.695639110653275,0.3753541076487252,239,207,192,192,0.0466380380094051,0.087720014154911,True
acb491dd-0170-409b-a5e4-7970ac3f1a32,1,0.3869372,True,0.0248209635416666,False,0.1292349726775956,True,0.7469945355191256,True,0.6259562841530054,0.1398907103825136,47,368,192,128,0.1120159551501274,0.2672168910503387,True
acbf5ac9-25e8-4aba-8ab9-1b497c22e284,2,0.78099674,True,0.2547607421875,True,0.6006229036895064,True,0.285364425278177,True,0.7650801256455305,0.5068412926582548,240,80,160,224,0.2928985953330993,0.3702253699302673,False
ad69b71d-7005-4f1e-a6d8-27d84106c9af,1,0.21601155,True,0.0639105902777777,True,0.842741935483871,True,0.4013157894736842,False,0.4009974533106961,0.4958616298811545,175,272,128,256,0.0732972770929336,0.3366580903530121,True
ad99c503-84bd-4309-9d4e-2a35a77b7b4d,1,0.02931223,False,0.0325927734375,False,0.0,False,0.0,False,0.1937161880982105,0.0,336,336,192,64,0.0229773707687854,0.0555151142179966,True
ada57dae-a677-4d5e-a9b5-1143893e9154,2,0.039937314,False,0.1436767578125,False,0.0,False,0.0,True,0.6716699707353913,0.6595393184178231,47,368,352,256,0.2420264333486557,0.0543993189930915,True
adde381e-2a52-410c-9e75-3481e0fc8f18,2,0.5984882,True,0.2253282335069444,True,0.5230542346355264,True,0.1719135616685728,True,0.7072172395112262,0.4594895563715163,271,272,256,256,0.3212470412254333,0.7083134651184082,True
ade2b6b7-5ee9-4480-844c-5eb07e2c08fc,2,0.11536141,False,0.3280436197916667,False,0.1281733234102373,False,0.1841561233771603,True,0.7265360125692549,0.5072562639543537,335,336,0,96,0.289572536945343,0.2106039077043533,False
ade6a8d3-7d45-4e17-9784-5a04e6f16b76,1,0.42000473,True,0.0264485677083333,True,0.8246153846153846,True,0.8882051282051282,True,0.4694871794871795,0.8594871794871795,207,143,160,128,0.0085443304851651,0.4205401241779327,True
ae710da6-ac50-4de7-891e-d9a7a180ee05,2,0.962462,True,0.1541476779513889,True,0.6582050153981522,False,0.310074791025077,True,0.6990321161460624,0.5864056313242411,112,271,64,224,0.3197582960128784,0.9058233499526978,True
ae77fb82-6cd1-4a22-8224-8ad1c359fd5e,1,0.22253112,True,0.0403645833333333,True,0.8069556451612904,True,0.5598118279569892,False,0.0,0.6987567204301075,48,143,64,128,0.0810821205377578,0.1735681891441345,True
ae7a7ed0-ea01-44de-9287-b2dec267bcfd,1,0.004297939,False,0.0608181423611111,False,0.0,False,0.0,False,0.046721677074041,0.6397190008920607,48,368,32,352,0.0141178928315639,0.0140095679089427,True
aeae6cbc-d713-4760-845c-fcc93ed5ad64,1,0.416144,True,0.0426567925347222,True,0.7403815580286168,True,0.7529411764705882,True,0.4093799682034976,0.7364069952305247,208,143,192,128,0.125172272324562,0.4065674245357513,True
aed92e78-27be-4dc8-a464-56ca888e4626,1,0.90414387,True,0.0668402777777777,True,0.893060064935065,True,0.7662337662337663,True,0.2902800324675325,0.8259943181818182,175,111,160,96,0.1267851740121841,0.9319595694541932,True
aed93dee-241e-474b-9506-7736773366d1,2,0.95719784,True,0.2278984917534722,True,0.7065020086296682,True,0.4267817289093885,True,0.4058622228834995,0.6282398452611219,207,239,192,256,0.4595308899879455,0.933914601802826,True
aef66833-841d-40c8-84f8-acfc81c2f9b8,1,0.090253234,False,0.0316297743055555,True,0.6710977701543739,False,0.0,False,0.0,0.0,143,175,0,96,0.1147647723555564,0.1936043500900268,True
af15d432-68fc-4a2f-b456-a0366722799f,2,0.20402455,False,0.0664944118923611,False,0.1766445690973992,False,0.4912799592044875,False,0.2062213156552779,0.569709331973483,47,335,224,256,0.0376793928444385,0.2562732100486755,True
af2cd4c9-097a-464f-8956-3e1a977696af,1,0.08093671,False,0.0435791015625,False,0.0035792094615624,False,0.0,True,0.3643012760659819,0.0,336,240,96,64,0.0402379408478736,0.1179780066013336,True
af42a7f3-092c-4d10-b5a2-5806a1a8aea6,2,0.8804891,True,0.0718858506944444,True,0.6180188679245283,True,0.5049056603773585,False,0.2480188679245283,0.7749056603773585,175,208,128,192,0.3983479142189026,0.7764534950256348,True
af59f4a2-32d4-4888-ac7f-fc0bcc23abd2,2,0.3110082,True,0.1712307400173611,False,0.0486355895282981,False,0.1383025070299814,False,0.4996237474751475,0.5484573646481049,48,79,0,64,0.3775406777858734,0.4171527326107025,True
af8fc053-b69b-4915-9ea8-f538028f9b2c,2,0.9672869,True,0.2855767144097222,True,0.5148658275943956,False,0.2098788886250296,True,0.745333649964379,0.6359534552362859,143,271,32,352,0.5891255140304565,0.6856338381767273,False
afa95e84-6a86-4203-ad3c-f3adb8aaaa03,1,0.47390074,True,0.0821804470486111,False,0.0198877702591186,False,0.0845023931341805,True,0.4442152170325136,0.440336689222644,271,240,224,224,0.3265935182571411,0.3012592494487762,True
afb20c9c-a4bf-4a02-99ea-50d134dadb6b,1,0.22185606,True,0.0555013020833333,False,0.0,False,0.086021505376344,True,0.3329667644183773,0.3775659824046921,272,144,224,128,0.2894721031188965,0.4381240010261535,True
afe29620-410d-4491-999e-470040899f0e,1,0.2588877,True,0.0898166232638889,False,0.2308970099667774,False,0.1304741769858048,True,0.446843853820598,0.7722742373905165,47,47,0,0,0.1246385648846626,0.2342314571142196,True
afe73151-621d-439f-a42f-b970900e2bfa,1,0.034358688,False,0.0152926974826388,False,0.0,False,0.0,False,0.1419068736141907,0.0,0,336,64,64,0.0133251473307609,0.0371169112622737,True
aff2efe8-0cf0-4789-8ec9-b15d10f32c69,2,0.4491812,True,0.0848659939236111,True,0.5641681316925043,True,0.4222470832667412,True,0.5210963720632891,0.727105641681317,144,271,160,256,0.0511774942278862,0.6180315017700195,True
aff9bfdd-b179-49e3-8981-dff5e0ff16b9,2,0.89858866,True,0.0873345269097222,True,0.6580214318993632,False,0.2683646528964125,False,0.145519490604131,0.4847802453797173,112,272,96,224,0.5047529935836792,0.851706326007843,True
b011429a-7f44-413c-af22-93b110e9710b,2,0.18698417,False,0.0244479709201388,False,0.1894590846047156,True,0.3337031900138696,False,0.0,0.5459084604715673,175,303,160,256,0.0450155325233936,0.2983891367912292,True
b020af54-1c80-4f36-829e-a5c9515802fd,2,0.6739432,True,0.1353420681423611,True,0.4019141153479982,True,0.2950343237961617,True,0.421756777070702,0.7650949541514256,175,80,160,64,0.1776681393384933,0.7633073329925537,True
b021293c-4dd0-450c-b1a4-2d72cedab0a2,2,0.6346565,True,0.1286349826388889,False,0.1332243778996204,False,0.3111029101644875,False,0.2731969633066217,0.2590151834668916,79,48,192,64,0.3662496209144592,0.6108017563819885,True
b038a798-3637-4f41-9e6a-c84660b45560,1,0.6646491,True,0.1063028971354166,True,0.5240829346092504,True,0.4489952153110048,True,0.49792663476874,0.801658692185008,143,112,128,96,0.0643000528216362,0.6081287264823914,True
b04f96a2-e122-43e7-93d6-f82ca84f6706,1,0.92944044,True,0.0439046223958333,True,0.9077849860982392,True,0.7704664813098548,True,0.3704046957059005,0.7927092987333951,240,111,224,96,0.3239145278930664,0.9428234100341796,True
b05766ae-c0d4-4e29-855b-1112c7ae956e,1,0.7856377,True,0.0701904296875,True,0.8206763285024155,True,0.6647342995169082,False,0.4006763285024154,0.7833816425120773,175,240,160,224,0.1419937759637832,0.727685272693634,True
b0604ee6-5f21-4b14-98ca-3bedaccd4e10,2,0.009936418,False,0.0992770724826389,False,0.0,False,0.0,True,0.4504406038663843,0.2961267846164355,368,335,352,352,0.0355443991720676,0.0114637967199087,True
b0780603-efa4-453c-a51c-a23c4efedfc1,2,0.6307987,True,0.0933159722222222,True,0.5888808139534883,True,0.5107558139534883,True,0.6518168604651163,0.6477470930232558,176,112,160,128,0.1865392178297042,0.6208515167236328,True
b0c98c20-ceaf-4f52-a67d-f738000cb927,2,0.67490816,True,0.0555623372395833,True,0.2676675210545587,True,0.2625411937019407,False,0.4446478701330404,0.8126449408031247,176,143,160,128,0.1721718460321426,0.6765130758285522,True
b0e900dd-5c9c-4764-a429-3f18f056b4a1,2,0.29838914,True,0.0589328342013888,False,0.0,False,0.3638665132336018,False,0.2370540851553509,0.4710011507479862,47,336,224,128,0.174691691994667,0.3495327234268188,True
b0fbd4ac-3ab4-44fe-9c2f-4179bbf4260e,1,0.093678005,False,0.0339219835069444,False,0.0,False,0.5405837664934027,True,0.3862455017992803,0.0,0,368,224,96,0.0428822413086891,0.1041124016046524,True
b13e0bd3-f990-4d48-8eae-f841a45af664,2,0.6548947,True,0.2469957139756944,True,0.3169325389198539,True,0.4067433623458993,True,0.6983608357815546,0.592734960599654,239,303,224,288,0.2206781804561615,0.2481695711612701,False
b15b5ce7-ad31-4506-baac-e6316aaf6cf6,1,0.3138402,True,0.0774739583333333,True,0.7870273109243697,True,0.3193277310924369,True,0.4616596638655462,0.3634453781512605,208,80,192,96,0.0338440351188182,0.4192318022251129,True
b171964f-e911-42a4-a1ec-e57128258011,2,0.6149144,True,0.3315904405381944,True,0.7863994273443092,True,0.3489722875549647,True,0.5021781368238061,0.3270886593721239,207,79,256,224,0.2180027067661285,0.5483106970787048,False
b1aac51c-f1d5-4dfa-8264-fa5027d9af98,2,0.06596494,False,0.0330946180555555,False,0.0,False,0.0,False,0.1004098360655737,0.2313524590163934,47,272,0,64,0.2019705921411514,0.0621031261980533,True
b1c0e005-6c1f-4231-b878-415b4cf1b578,2,0.016029147,False,0.0562065972222222,False,0.0,False,0.0,True,0.6149855212355212,0.2886100386100386,47,368,96,64,0.0272209029644727,0.0178487375378608,True
b1d07564-9432-4844-b8f7-0b968e3b9683,1,0.7041601,True,0.0470377604166666,False,0.0,False,0.0,False,0.0823241061130334,0.5617070357554786,175,111,128,96,0.7035494446754456,0.729519784450531,True
b1ee3437-1d7a-4a85-a406-f2f7bca754dc,2,0.63443005,True,0.1886121961805555,True,0.4206817201208112,False,0.2268804832446426,True,0.8717819646195887,0.3664964763411477,176,111,96,96,0.4421546757221222,0.723700225353241,False
b1f2db42-68ac-4c11-a4f4-3f6b8b6be999,1,0.021739595,False,0.0343356662326388,False,0.0,False,0.5877937981433933,True,0.333596681809204,0.0,0,368,192,64,0.0113317538052797,0.0337802283465862,True
b20c86c3-84f9-466a-a405-a0cd7207a84e,2,0.13788036,False,0.0933024088541666,False,0.0361244366913795,False,0.0,False,0.4588602994621311,0.3209042011920337,0,336,0,352,0.0594282187521457,0.1080006584525108,True
b23184fc-0e6e-4802-a451-da82e2ac6e9a,2,0.37955084,True,0.0437554253472222,False,0.0,True,0.2231866088034718,False,0.0,0.3112213267203967,208,272,96,128,0.4649926722049713,0.383872240781784,True
b261b9bd-4ff0-4fb9-a1f4-c7d44a2e45c9,2,0.15140383,False,0.1587660047743055,True,0.384306522574858,True,0.3752082354448763,True,0.7125282986630217,0.5940369911580027,271,272,224,288,0.082253947854042,0.1999320983886718,True
b28ef305-54b7-4a24-9edc-00eb8e13d649,2,0.14163722,False,0.07110595703125,False,0.0080114449213161,False,0.0967095851216022,True,0.1881735813066285,0.3727229375298045,47,336,224,224,0.2242252677679062,0.1267851740121841,True
b2c2c9ad-7966-4c68-bb66-6dc9f9c19fda,2,0.037467506,False,0.10150146484375,False,0.0031402418654372,False,0.197902051179261,False,0.3766285828823411,0.2585688514732411,336,304,224,96,0.1337542980909347,0.0635985806584358,True
b2ed5727-8a0e-485c-9db3-4d2e53fd35e6,1,0.8039445,True,0.0865885416666666,True,0.8547932330827067,True,0.7343358395989975,True,0.331688596491228,0.8220551378446115,240,111,224,96,0.0794956982135772,0.6816208362579346,True
b329ead1-3d20-43af-b0d9-bc4e98ec2239,2,0.41875637,True,0.21905517578125,True,0.2850685737283675,True,0.3625893935172286,True,0.6314355592706108,0.63453143865515,303,144,256,128,0.2546016275882721,0.5823128819465637,True
b359c695-5814-4c1e-a7c0-200509182a4f,2,0.5412876,True,0.1231486002604166,False,0.4952365218349028,False,0.3561870147034528,False,0.4425353819042898,0.323090478550581,0,111,64,224,0.2785510718822479,0.6566582322120667,True
b35d3c12-7c68-4747-b4a1-49c291b6ff94,2,0.82615143,True,0.2083875868055555,True,0.3683611038791981,True,0.3400156209320489,False,0.5652499349127831,0.6277987503254361,144,112,128,96,0.4065674245357513,0.7345005869865417,False
b3db4730-7c2d-4b91-b09b-2346fef7dc58,2,0.1046602,False,0.1133829752604166,True,0.2448711047311442,False,0.0,True,0.6853878820503618,0.4263412883545666,143,239,352,96,0.201027825474739,0.1988408714532852,True
b3f75ca9-beaa-4760-bde9-f9ac7c9a8748,2,0.87831426,True,0.1526150173611111,True,0.5241734802701742,True,0.2987913259864913,True,0.5295947387131177,0.557456452186278,111,240,96,224,0.2962468862533569,0.8828325867652893,True
b4198862-dc25-4cff-acd5-b0b954bd3a03,2,0.7440989,True,0.3293863932291667,False,0.439715873996294,True,0.3741404158945851,True,0.8460778258184064,0.5583693638048178,47,336,160,128,0.5686553716659546,0.6179162263870239,False
b43dbfe0-cea8-4ce6-b608-e8ab671f09a4,2,0.009936418,False,0.03485107421875,False,0.0,False,0.0,True,0.5092430433936563,0.0,47,0,352,224,0.0212061200290918,0.0137423202395439,True
b45197ea-5abe-4fb2-8cd9-40ab9771fac0,1,0.9657707,True,0.0858900282118055,True,0.7874457165416502,True,0.6720884326885116,True,0.4414528227398342,0.8293722858270826,175,112,160,96,0.0761324763298034,0.9733928442001344,True
b46fcbd0-8851-4561-96de-0a820e49f45d,2,0.020449394,False,0.1566840277777778,False,0.0,False,0.0,True,0.7526835180055401,0.6072541551246537,47,336,0,288,0.0785009786486625,0.0692894086241722,True
b475e187-b7bd-4d5d-951f-82e4903feacb,2,0.16708273,False,0.0842488606770833,True,0.3578040730902359,True,0.3320453996619174,False,0.1366014650245512,0.4802382677292119,271,272,256,256,0.0515581890940666,0.2165081053972244,True
b47eb868-a03a-48d2-91ad-ba8112b7015c,2,0.24041775,True,0.1263699001736111,False,0.0,True,0.1511216056670602,True,0.5066545025222711,0.5411076526779006,335,239,160,224,0.3325271308422088,0.2422056347131729,True
b482e039-2679-4fd9-886a-b0fea2cba242,1,0.49622732,True,0.0584174262152777,True,0.772927791966566,True,0.7028093800789412,False,0.4211748316693754,0.8201764569305782,175,272,160,256,0.0671785771846771,0.3525360524654388,True
b489923b-d8be-4e8d-8620-bea0343a2f67,1,0.085709274,False,0.0256483289930555,False,0.0401903754627181,False,0.1760973030142781,False,0.1377578001057641,0.4283447911158117,143,208,128,192,0.1093248277902603,0.1219992265105247,True
b4abc0a4-600c-4834-bd71-c9dbb21eaaf0,2,0.19651763,False,0.2122124565972222,False,0.0195577144318036,False,0.1898887894669564,True,0.7392304742426179,0.4528953087051003,47,47,64,96,0.3121602833271026,0.3358952403068542,False
b4ea28a7-6386-4660-b499-af4eb17750e1,3,0.071073666,False,0.1322699652777778,False,0.0165607054963084,False,0.135305578342904,False,0.4754922067268252,0.2416427399507793,47,368,0,352,0.1395135670900344,0.1299538165330886,True
b50cbd3a-14cb-46bf-aaff-ae2cdaeef739,1,0.868938,True,0.0548231336805555,True,0.9187283523008412,True,0.8495794161306284,False,0.4503958436417615,0.8814943097476496,207,272,192,256,0.1206458732485771,0.8838388919830322,True
b524542b-1779-4871-9574-7ff72b296503,2,0.9736447,True,0.4763047960069444,True,0.6395905117179713,True,0.522538941253524,True,0.7795369763931999,0.6009767349147137,175,272,160,256,0.3967691659927368,0.6534587144851685,False
b52a4969-16fc-43c1-9d87-66392415d139,2,0.9235924,True,0.17633056640625,True,0.4897888542748356,True,0.3286027460482289,True,0.55136340909965,0.7087035114034076,144,240,128,256,0.4164999425411224,0.8783142566680908,True
b5463e1b-58dd-4541-823a-6b29bb1c3ae2,2,0.23704566,True,0.1388753255208333,False,0.5411172966109972,False,0.3361656411758961,True,0.76819025295439,0.332942670182635,47,368,96,96,0.1434274762868881,0.2529372572898865,True
b54df7bb-39f6-454d-bb1f-4eceb2d08d3c,2,0.8949732,True,0.1481119791666666,True,0.4260531135531135,False,0.252014652014652,False,0.4394230769230769,0.6586538461538461,207,303,192,224,0.487917423248291,0.9012274742126464,True
b55db584-960a-4816-ba8b-b7fb493455ac,2,0.94891727,True,0.3466118706597222,True,0.5825670123263549,False,0.3547251027196243,True,0.7887888867149286,0.6172764625317941,208,272,0,352,0.5849826335906982,0.6552256941795349,False
b58e15a4-085f-4d55-91e6-7d219ff570b5,2,0.7248703,True,0.1320258246527778,False,0.3972159441134169,False,0.0166426957057735,True,0.6273371686870762,0.3955722210807479,112,336,96,352,0.5696132779121399,0.6610482335090637,True
b59e042d-0ec6-455a-82c8-658ccb24e614,1,0.26114246,True,0.0449625651041666,True,0.6892911010558069,True,0.6190045248868778,True,0.3619909502262443,0.6539969834087481,271,143,224,128,0.156491219997406,0.4690490365028381,True
b5eebe73-0b9c-4621-abcd-940f6e90a86c,2,0.4203021,True,0.0757310655381944,True,0.4087042177845437,False,0.3497806035640727,True,0.6186083997492612,0.5814453299901495,207,240,160,224,0.3357863426208496,0.3524246215820312,True
b602ef86-f1c6-456e-afab-5ec2839be879,2,0.9820826,True,0.2547878689236111,True,0.6675805163694437,False,0.2217460739952089,True,0.7211605003992547,0.5081181793984562,175,112,192,352,0.4850355982780456,0.918333888053894,False
b60cbe83-66f7-44c1-b5c6-a407e3e2f930,1,0.026861204,False,0.0322808159722222,False,0.0,True,0.4663865546218487,True,0.5399159663865546,0.0,0,336,192,128,0.0028009270317852,0.055208683013916,True
b617818a-6a54-4dbd-997f-26723bb46634,1,0.8017807,True,0.1879001193576389,True,0.6047208286714548,True,0.3811311220991085,False,0.4839210307864439,0.6520012993106435,176,271,160,256,0.3004375994205475,0.8647679686546326,True
b623e856-e328-4396-a01c-4d6210c2dd53,1,0.02964751,False,0.029296875,False,0.0,False,0.0,False,0.0613425925925925,0.5826388888888889,335,144,288,128,0.0432040356099605,0.0367694683372974,True
b6485351-ddd3-4bae-9b4e-6038370e827b,2,0.94639885,True,0.4424302842881944,True,0.6331642115912262,False,0.4039454927267432,True,0.7796869970416469,0.5699351614831619,240,111,0,352,0.5162601470947266,0.8258707523345947,False
b697ecb0-3185-4ea6-a460-c5357b452e7a,1,0.0032350558,False,0.0489298502604166,False,0.0,False,0.0,True,0.5049203049203049,0.0119196119196119,368,335,64,0,0.0088816750794649,0.0447643138468265,True
b6cb8151-4575-461c-a342-335d9c413359,1,0.23528403,True,0.0488959418402777,False,0.0,False,0.0,True,0.3882108183079057,0.3736477115117891,47,335,128,224,0.2641685009002685,0.3726193606853485,True
b6fa6fc8-812c-4110-9881-5a5f8f2fea65,1,0.067423776,False,0.0479871961805555,False,0.0,True,0.3692764273600904,False,0.182871678914641,0.0,336,336,128,128,0.0753123015165329,0.0644176676869392,True
b6fd85af-1619-498c-b118-4c1191dad257,2,0.5611246,True,0.1567518446180555,True,0.4606299212598425,True,0.3613394479536211,True,0.5377693172968764,0.5838885523924894,239,111,192,128,0.36761075258255,0.5384371876716614,True
b73ed36a-96ce-4124-b9cd-a74d883e9bfd,2,0.93891287,True,0.155517578125,True,0.4874411302982731,True,0.4192830978545264,True,0.4099075527646956,0.6278126635269492,144,240,128,224,0.6389479041099548,0.9439706206321716,True
b7542c5a-1cad-4598-9c63-d1adc3e76741,2,0.9466954,True,0.3943820529513889,True,0.6970801664545861,True,0.5002407401038622,True,0.7883034700966399,0.6189084155862021,239,111,192,96,0.5423785448074341,0.941331386566162,False
b75c6c0c-b9da-4d7d-a968-c1fb92ee5327,2,0.58165956,True,0.1754828559027778,False,0.1028366053485855,True,0.1727469469778945,True,0.4573349822229092,0.5977353532230638,208,272,192,64,0.6892010569572449,0.5247904062271118,True
b7667cf1-104d-4413-93bc-49b1e9613e4b,2,0.1308397,False,0.1352810329861111,False,0.1001604170844194,False,0.0625626629236013,True,0.7738119109685182,0.4444054541808702,47,335,0,288,0.1464530825614929,0.1470645070075988,True
b79b76d3-6bd0-4102-af73-4251f313e907,2,0.96995664,True,0.2665337456597222,True,0.536842908757824,True,0.4566179838176174,True,0.6564551422319475,0.810442216681085,175,80,160,96,0.526829719543457,0.9281486868858336,False
b79d126e-d469-4dc1-82e8-b3167e6b52d3,2,0.07043162,False,0.0865953233506944,False,0.0,False,0.0,True,0.7150912365886131,0.4561046283968987,272,335,256,352,0.0617627091705799,0.1324023306369781,True
b7ac0a9c-3226-407d-9734-91a45d371732,2,0.48221576,True,0.1117350260416666,False,0.3689002184996358,True,0.3248361252731245,False,0.5535931051226026,0.5645180869142996,336,336,160,256,0.3354596793651581,0.5029944777488708,True
b7b1abfd-c7e8-4404-aeed-b3a3b489443f,2,0.047869004,False,0.1012369791666666,False,0.0,False,0.0,False,0.2679528403001072,0.3709807073954984,0,79,128,192,0.0666906535625457,0.0342293232679367,True
b7b51f82-2aa9-4375-a84f-25c52eeb0b40,2,0.9803562,True,0.1244032118055555,True,0.3951155691234191,True,0.3294810292193633,True,0.4443414740514609,0.7822721325774095,208,80,192,64,0.4338015615940094,0.9787533283233644,True
b7d86d4e-7d73-4269-bd19-3d24b7f4259b,1,0.043609526,False,0.0196668836805555,False,0.0,False,0.0,False,0.0403448275862068,0.0,336,336,160,128,0.0571765974164009,0.0381066165864467,True
b7de17b0-c8a4-4d97-bc40-a13387bea4ef,2,0.31806138,True,0.0649007161458333,True,0.4553814002089864,False,0.4122257053291536,False,0.1432601880877743,0.5456635318704284,240,143,224,96,0.228156492114067,0.3656831681728363,True
b7e6c8a5-c115-4a0a-9838-e74604a685b1,2,0.9129032,True,0.2308417426215278,False,0.577631540292018,True,0.249272892858192,False,0.5631187755221951,0.5285114133787714,208,112,192,128,0.2501792907714844,0.744841992855072,True
b7f73ec9-32a6-4b6d-8cf7-0ea7af92db07,2,0.37909102,True,0.2704128689236111,True,0.4331393890755881,True,0.2937753924863319,True,0.573381150624467,0.3977027637056728,144,303,128,288,0.2594501972198486,0.3378586173057556,True
b8020472-9c2d-44ce-a09b-f5795b95f230,2,0.1666754,False,0.110107421875,False,0.1058142399605814,True,0.2944074895294407,False,0.2280734170978073,0.5831485587583148,80,368,288,288,0.0982522293925285,0.2363399267196655,True
b812234b-987c-47d8-860d-04fb4bd811bf,1,0.22678363,True,0.03289794921875,False,0.0,False,0.0,True,0.53865182436611,0.8645640074211502,0,368,0,320,0.2533064782619476,0.2235465198755264,True
b82c9155-f643-4853-abe6-ea3420ab1d02,2,0.120542295,False,0.1147528754340277,False,0.0,False,0.0605165179362921,True,0.7310442645233733,0.4984338987057503,47,336,0,288,0.1496556103229522,0.1249585598707199,True
b84112a1-ffcd-4897-baa1-652f4e460287,2,0.25330648,True,0.1898532443576389,False,0.3145918914091802,True,0.2971959278442579,True,0.8508305054474014,0.4103589926772638,207,80,160,96,0.285073310136795,0.2908801436424255,True
b84cd9ad-7357-47f3-910e-626667c183e5,2,0.8533026,True,0.1387939453125,True,0.4409264145411902,True,0.5967946838659239,True,0.3646047102511482,0.6659826052965895,208,80,192,64,0.5849826335906982,0.8624675869941711,True
b858e525-59a0-4e31-a893-6698f934c5cd,2,0.8740772,True,0.2113444010416666,True,0.3086253369272237,True,0.2141573610576306,True,0.7917789757412399,0.5606469002695418,176,111,160,96,0.2628418207168579,0.4924131035804748,False
b864ec3f-158d-42f2-a8e3-2f093c9b2345,2,0.16491954,False,0.1528862847222222,True,0.4639371894960965,True,0.5502129169623847,False,0.3733587650816182,0.7334102200141944,303,272,288,288,0.0430428497493267,0.2191703468561172,True
b86e6759-681b-4846-a51a-9f6ec523d633,2,0.822617,True,0.2261420355902778,True,0.3084028069333653,True,0.31557008336832,True,0.7069213698794458,0.5679841660169136,175,80,128,96,0.6861597895622253,0.5514227747917175,False
b8999532-31ea-4659-9039-d83a6fab490c,2,0.8718026,True,0.1280110677083333,False,0.2162534435261708,True,0.2159355795719432,True,0.4525323161686798,0.7518542063996609,240,112,224,128,0.7407373785972595,0.8211875557899475,True
b89ae0ff-5e01-482f-9c6d-6468d734ef02,2,0.10932483,False,0.0901150173611111,False,0.0,False,0.0,True,0.3683774834437086,0.3853100541842263,47,79,0,64,0.2302267402410507,0.1169655844569206,True
b8a2e49e-c1fc-4a78-96dd-0ee4f835eaaa,2,0.68489665,True,0.3363444010416667,True,0.4983264779417695,True,0.3483345431083152,True,0.7484272925235906,0.5021171062182435,271,272,192,96,0.4380638897418976,0.4245313107967376,False
b8a8a107-1797-4437-b71a-ed1f980fa4a6,2,0.89010334,True,0.0611165364583333,True,0.5973146915224146,True,0.6260541500221927,True,0.4357523302263648,0.9183311140701288,240,111,224,96,0.1068768799304962,0.9015746116638184,True
b8d825e5-fcd7-491e-a45a-9b04f5433092,2,0.9557341,True,0.2762112087673611,True,0.52692184929657,True,0.4402759704387537,True,0.6611505315622775,0.6409192467283754,240,112,224,96,0.3045585453510284,0.6589664220809937,False
b8f18ef1-9d70-48a2-abd0-1944aaee8efc,2,0.09334688,False,0.1011284722222222,False,0.0,False,0.0622317596566523,True,0.7062768240343348,0.439712982832618,47,368,160,0,0.2298808097839355,0.0650087296962738,True
b900d3e4-787b-44b3-9754-88f93db99c27,2,0.8623516,True,0.2239922417534722,True,0.724878137394411,True,0.4550546489448666,True,0.8329346937539738,0.5484574162099973,240,111,160,224,0.1943677961826324,0.822474479675293,False
b915ae1a-346d-4e9f-b1fd-a72e0a78a864,2,0.12495856,False,0.1257256401909722,True,0.3009871082582663,True,0.2841037812179729,True,0.5081180214682561,0.663789848427639,239,335,192,288,0.1645164638757705,0.147187054157257,True
b9356c81-3ed6-464f-b638-f71c07f1dd20,1,0.950411,True,0.06109619140625,True,0.8455988455988456,True,0.7975357975357975,False,0.2184482184482184,0.8687978687978688,144,240,128,224,0.250545859336853,0.9500414729118348,True
b9597e03-5069-42d8-b9f4-24d30086c5ab,2,0.08834723,False,0.3035413953993056,True,0.3156013315757724,False,0.1169820594740722,False,0.5860497330145893,0.4938671552090082,144,239,0,288,0.1742697060108184,0.0611992254853248,False
b97cc203-9a13-4147-b7c4-7300f05eecdb,2,0.53561467,True,0.3272230360243056,True,0.5402375080309216,True,0.3993699612443265,True,0.6211062983150608,0.5778118588215788,303,111,256,64,0.4388152360916137,0.5185309648513794,False
b97e765e-a0c1-4f91-b62f-07df0bae33a7,1,0.8394709,True,0.0450032552083333,True,0.8893911995177818,True,0.783001808318264,False,0.2090114526823387,0.8416214587100663,175,144,128,128,0.084191083908081,0.8938665986061096,True
b99b5a9a-d2cc-4e46-a419-cc7f1006dedd,1,0.8468312,True,0.0454305013020833,True,0.80653828929691,True,0.7514554411106136,True,0.5050007463800568,0.7850425436632333,176,112,160,96,0.0697949230670929,0.8162599205970764,True
b9b618f9-89f8-4a4d-8eff-ccbf4bef0b16,2,0.74054986,True,0.2279256184895833,False,0.5491683775179268,True,0.3873069713469606,True,0.777916629474248,0.494450891130352,304,335,160,224,0.2675995230674743,0.6274948120117188,False
b9b7f127-2285-4ab3-b2c5-e5c943527494,1,0.100878626,False,0.0417751736111111,False,0.0,False,0.0,True,0.3602272727272727,0.6649350649350649,47,336,0,352,0.072374016046524,0.1285251379013061,True
b9cd9ce8-2450-44bc-8e83-9cab6b7b35ef,1,0.075858176,False,0.0694986979166666,False,0.0,False,0.0,False,0.1391491022638563,0.1299765807962529,208,304,96,352,0.1268933266401291,0.0648901090025901,True
ba0cb1e8-7198-4465-9498-1a650c0a6402,2,0.04903963,False,0.0608113606770833,False,0.0,False,0.0999219359875097,True,0.7706033232965317,0.0630088100814096,336,335,192,96,0.0344235487282276,0.0668123215436935,True
ba174e17-bdad-4a4e-98dc-21e270b93248,1,0.33014715,True,0.0447794596354166,True,0.7852491291837044,True,0.6251703771013176,True,0.5523247008935332,0.622292897167954,176,112,160,128,0.0721122026443481,0.5281835794448853,True
ba30b9a4-bebd-4196-a972-e7178508b55e,1,0.004905406,False,0.0299614800347222,False,0.0,False,0.0,True,0.4703485740153916,0.0,336,336,0,160,0.0263553541153669,0.00551193440333,True
ba30f407-5639-46f3-9c02-235566daed1c,2,0.8844391,True,0.3059488932291667,False,0.4817794919537173,False,0.1970563461453207,True,0.7336525247151661,0.490712417431396,207,303,160,320,0.3685193061828613,0.6850020289421082,False
ba452891-fb43-48bf-9019-855556b48f91,2,0.27299255,True,0.1433648003472222,True,0.4812677388836329,False,0.2809839167455061,False,0.3292336802270577,0.34120151371807,111,271,0,288,0.2213506698608398,0.3373126983642578,True
ba5c9439-e386-4cea-90bf-643272f3b822,2,0.49920696,True,0.34466552734375,False,0.3992286956692836,False,0.1992995297404718,True,0.7643193042520119,0.4909981701198276,111,336,0,96,0.5435296297073364,0.4333818256855011,False
ba66a843-4afd-473a-82a6-7cc80bb74757,1,0.58587146,True,0.0790608723958333,True,0.7891576599759822,True,0.6910276205180992,True,0.5154400411734431,0.8055412592211357,207,111,160,96,0.0485862046480178,0.4596521854400635,True
baa329d1-6d8d-4067-b865-608869518f3f,1,0.21076629,False,0.0495741102430555,False,0.015047879616963,False,0.0466484268125855,False,0.1647058823529411,0.4692202462380301,47,79,0,64,0.4570155441761017,0.2166737914085388,True
baa5cbde-acb9-4160-a8e9-d19ab0cf8063,2,0.89823216,True,0.3862982855902778,True,0.5321091253818335,False,0.3346265931673747,True,0.7303816579474035,0.5522629121168499,239,303,0,32,0.479031503200531,0.8461968302726746,False
baac5ed4-b582-4c80-bd2d-acb97c52806e,2,0.8100285,True,0.2806260850694444,True,0.4681971967133881,False,0.2656355727404543,True,0.5900676655389077,0.405703238279362,207,143,160,96,0.3539862930774688,0.8104788661003113,True
baf2a126-f441-4566-9b85-59c1f2cdaf96,1,0.15934819,False,0.0326809353298611,False,0.0,False,0.0,False,0.1431832330358995,0.0309192778584768,47,368,288,288,0.1592174023389816,0.1605290621519088,True
bb24d7e7-19dd-456a-aea8-fd04208db4be,2,0.44055954,True,0.1235148111979166,True,0.2769999450941635,True,0.3127436446494262,True,0.6245538900785154,0.6673804425410421,208,79,224,96,0.3722769916057586,0.5097872614860535,True
bb47fccc-23c4-4264-bd35-616a3c44161e,2,0.41164294,True,0.1740180121527778,False,0.1266562743569758,True,0.3330475448168355,True,0.5208106001558847,0.2221356196414653,112,368,128,96,0.3443332016468048,0.4991306960582733,False
bb7973b1-58b1-4e2e-b687-144e179f0996,2,0.5132644,True,0.1097208658854166,True,0.6357624080598306,True,0.5017615427405897,True,0.5333456950367761,0.4602880276902157,207,303,160,288,0.102484218776226,0.6760854721069336,True
bb9b14e9-2345-404d-a310-1cb5b2ac80ca,2,0.91789335,True,0.2343207465277778,True,0.4950219958323686,True,0.3464922435749016,True,0.511605695762908,0.7351817550358879,143,143,128,128,0.3158414661884308,0.8479677438735962,False
bbecaf72-370b-4667-a4bf-088091cfae00,1,0.0349467,False,0.0351291232638888,False,0.0,False,0.0,False,0.0,0.0059845559845559,80,368,32,288,0.0664479285478591,0.0933468788862228,True
bc03768e-ae96-4627-b65a-4458abc9ca62,2,0.103748634,False,0.0904269748263889,False,0.0,False,0.0,True,0.587895605219739,0.4852257387130643,48,368,352,352,0.1010559052228927,0.12700155377388,True
bc054c4c-280f-4e1d-9b93-9563cd368aae,2,0.8191712,True,0.2252671983506944,False,0.4867688231929433,True,0.513622542673932,False,0.5580877261643135,0.6568925550170094,143,303,160,96,0.3753629326820373,0.5802331566810608,False
bc4ec257-ecf8-469b-9750-c5bd190f6987,2,0.8356178,True,0.1228298611111111,True,0.732166519434629,True,0.635821554770318,True,0.4260159010600706,0.7705940812720848,207,143,160,128,0.1728689074516296,0.772015392780304,True
bc7b5348-574e-49a2-a20a-719d942a9c31,1,0.011463797,False,0.0884331597222222,False,0.0,False,0.0,True,0.3157975460122699,0.1548312883435582,0,368,352,128,0.04751418530941,0.0797820016741752,True
bcaf0768-3841-4280-8de4-57e822f38c7a,1,0.86613256,True,0.1007080078125,True,0.6638383838383838,True,0.6292255892255892,True,0.5088215488215488,0.8935353535353535,239,111,224,96,0.152158185839653,0.8559715747833252,True
bcc24ec7-8a99-4dcf-ba71-ac73659e2ac1,2,0.91321325,True,0.2187771267361111,True,0.5591754494730317,True,0.3690018598884066,True,0.6205517668939864,0.7133292002479851,176,144,160,128,0.4059785008430481,0.8474634885787964,False
bccb1c1f-d429-4ed4-be42-808a75b635f9,1,0.09401018,False,0.0463460286458333,False,0.0,False,0.0,False,0.3918642083699151,0.2319285923324553,47,272,352,256,0.1841798424720764,0.232833057641983,True
bce1fe53-1047-4dfe-9444-bc8340cddabf,2,0.6052159,True,0.3247273763020833,False,0.3702775515318589,False,0.4595159033477434,False,0.4933483699851722,0.6117828874548379,47,335,96,352,0.458409309387207,0.3899529874324798,True
bcfbbdcc-f648-4e72-931b-1747f502eb35,2,0.9187722,True,0.1412014431423611,True,0.5041064310071562,True,0.459007732577686,True,0.5260073963786561,0.6544834542048893,176,240,160,256,0.6566582322120667,0.9674102663993835,True
bcff3700-de7c-42c2-be5d-1c95d008966a,1,0.00698465,False,0.0299072265625,False,0.0,False,0.0,False,0.2390022675736961,0.0,0,368,64,64,0.0171767082065343,0.0078158881515264,True
bd1356ed-d7fc-41d7-a11b-b1b1f2c5add1,2,0.9105454,True,0.2886284722222222,True,0.6243890977443609,True,0.1652960526315789,True,0.6045582706766918,0.3640742481203007,175,240,160,256,0.2856707870960235,0.8382829427719116,True
bd20a471-4892-4763-ae4a-936878eefede,1,0.3394991,True,0.0510050455729166,False,0.2976997739662279,True,0.4850418827283606,True,0.2660550458715596,0.5298497540220716,0,368,128,128,0.2389939427375793,0.3561107218265533,True
bd25f8f0-311f-4373-af5f-25ad7e140344,2,0.44402227,True,0.1121893988715277,False,0.0855346672308529,True,0.3559209333252735,True,0.6782324850389893,0.5177416429909931,47,79,160,256,0.3058009743690491,0.3852011859416961,True
bd912d93-28c5-47df-8971-8ca9bbc1feb9,2,0.0021322614,False,0.0812445746527777,False,0.0,False,0.0,False,0.3206176961602671,0.0,336,303,0,64,0.0215328782796859,0.0023413407616317,True
bd94199f-bae9-4689-b509-7d427ab79c3c,2,0.84733725,True,0.4079182942708333,True,0.6945635910224439,True,0.3817123857024106,True,0.7668495428096426,0.5798004987531172,207,304,160,352,0.5712883472442627,0.4665417969226837,False
bd9d41e6-9e2b-4db5-9cbe-21d32f185421,2,0.70720255,True,0.3284979926215278,True,0.6331881335287681,False,0.3676789363942278,True,0.7112657156423543,0.5036024690848283,111,272,96,352,0.463808536529541,0.7645401358604431,False
bdbf26d1-2706-49bf-9554-84a881440880,2,0.16384642,False,0.1011284722222222,False,0.0,False,0.0,True,0.2384656652360515,0.6944742489270386,0,47,0,0,0.2107662856578827,0.2739627063274383,True
bdd8ef21-50b0-4243-b67f-95f3e197ae70,2,0.08740791,False,0.1234469943576389,False,0.0239520958083832,True,0.1835961105312311,True,0.6356095149151239,0.5888040432895677,79,336,192,160,0.140572041273117,0.0926877781748771,True
bddd048f-116f-467e-803f-fd234c53a61f,2,0.17106119,False,0.1713731553819444,False,0.0419469726948951,True,0.1089038385437277,True,0.5894341115947764,0.2730114760585674,0,80,160,160,0.2594501972198486,0.3365490734577179,True
bdfea255-f9dc-4694-b0fe-d699aec5b10e,1,0.6710396,True,0.04058837890625,True,0.7814536340852131,True,0.7846282372598162,False,0.0192147034252297,0.8472848788638262,112,240,96,224,0.2398831397294998,0.7102264761924744,True
be2a8801-3cc0-4c24-a73a-a1e13ff94948,2,0.6572085,True,0.2234564887152778,False,0.3392716236722306,False,0.514597875569044,True,0.753535660091047,0.4004855842185129,47,368,0,320,0.5034045577049255,0.6254380941390991,False
be35c13b-705d-4466-ae3f-ed690080ac9d,2,0.8556101,True,0.1530897352430555,True,0.4050677770886861,True,0.4805085496588996,True,0.6828209444493665,0.484273943474794,239,111,224,96,0.4079818725585937,0.7381031513214111,True
be4073e5-f1ef-4259-b7a4-8c379844cbaa,2,0.17553808,False,0.1445855034722222,True,0.2710600375234521,False,0.0255159474671669,False,0.3576454033771107,0.2765947467166979,208,271,192,224,0.2773751020431518,0.154057577252388,True
be443cae-043b-448b-b6e7-43477812b9cc,1,0.43791363,True,0.0450032552083333,True,0.4364074743821579,True,0.3473477998794455,False,0.3071127185051235,0.389089813140446,272,271,256,256,0.3547683358192444,0.3695425987243652,True
be4c4017-e382-46f5-9a6e-d98f5a81ad73,2,0.28467542,True,0.2222764756944444,False,0.0198010739565535,False,0.0675494264095679,True,0.6458079082255309,0.6211252135709056,111,336,0,64,0.3894884884357452,0.1496556103229522,False
be53e067-4804-4ffa-9fb7-d7855ad3bf62,2,0.570092,True,0.1466267903645833,False,0.1282086859997225,False,0.076962212663614,True,0.6095925257851164,0.2675639424633458,176,336,128,352,0.4205995798110962,0.6266955137252808,True
be5d4e59-c207-4359-b7ad-a88fb593f2c7,2,0.9932025,True,0.2481418185763889,True,0.6846132823175731,False,0.326482645531566,True,0.7315660016397922,0.5065864990434545,144,112,128,64,0.5706902742385864,0.9810945987701416,True
be653a8a-5978-48b3-9101-91e35a15e6d2,2,0.27338037,True,0.0852322048611111,True,0.4328453214513049,True,0.4166136218968809,False,0.3537555697008275,0.7249363462762571,240,272,224,256,0.0888202935457229,0.3480909168720245,True
becced78-9df7-4e9a-94c8-7cb750d41507,2,0.9771538,True,0.1942409939236111,True,0.4014733607988269,True,0.3466238391173801,True,0.5556874519935758,0.8589833112212835,144,111,160,96,0.7047700881958008,0.9697281122207642,True
bef1fdfe-b4a3-4170-88de-d57338d602ac,2,0.38093162,True,0.0682779947916666,False,0.3865713150576083,False,0.0846245530393325,False,0.30740961462058,0.3377036154151768,112,112,0,64,0.4057430624961853,0.4368622601032257,True
bf10ff6e-fc24-4cfc-9b5f-7a156608dc1a,2,0.9342753,True,0.2876383463541667,True,0.5141226953364455,True,0.3257415004479653,True,0.7076672796718064,0.6482057811100108,208,79,224,64,0.7507355809211731,0.8632764220237732,False
bf179444-ea01-417d-b78c-cf9aa42f5e5e,1,0.0107351625,False,0.0338270399305555,False,0.0,False,0.0,False,0.0599438652766639,0.0,0,336,128,32,0.0553106553852558,0.0174424853175878,True
bf3d7cc5-cde5-494f-ab8f-e33660767f18,2,0.2592626,True,0.2978447808159722,False,0.2838407067556183,True,0.1939479496345545,True,0.5437509961520071,0.3647851727042965,175,240,128,256,0.2046596407890319,0.2849738001823425,False
bf3ef845-34ab-4b80-81e7-ac7a3b23485a,1,0.015483989,False,0.0404459635416666,False,0.0194500335345405,False,0.0,True,0.5093896713615024,0.0,0,336,0,192,0.0079072918742895,0.0263553541153669,True
bf506a9c-19c7-4dd8-acb4-b8d6569091d8,2,0.0025708682,False,0.0931939019097222,False,0.0,False,0.0,True,0.6675884150778635,0.0454082375200116,0,335,0,0,0.0389750711619854,0.0195686761289834,True
bf5255f6-1130-444c-957b-b2ef01d01167,2,0.07463504,False,0.1079372829861111,False,0.0,False,0.0,True,0.7026262880120633,0.3403493340035184,335,336,0,64,0.1449942588806152,0.113973468542099,True
bf61a6a9-03d3-4e18-8576-c599934b9cbc,1,0.040769264,False,0.0219319661458333,False,0.188930117501546,True,0.3175633889919604,False,0.0,0.0,175,271,128,224,0.0214507281780242,0.0416957661509513,True
bf70fe89-62f9-4df6-9372-71e16debdb5b,2,0.9181873,True,0.3096245659722222,True,0.6641186262484668,False,0.4448922376029438,True,0.5469598738391449,0.4725118275801647,239,48,192,0,0.41762775182724,0.880591869354248,True
bfa2adda-f302-4447-8c47-85eea0839526,1,0.16118816,False,0.035888671875,True,0.7675736961451247,True,0.7235449735449735,False,0.0,0.7469765684051398,111,111,64,96,0.0308505091816186,0.1745509356260299,True
bfa45a99-7125-4d61-966b-c51e54dcbf10,2,0.40568414,True,0.1120062934027777,False,0.1849721482199079,False,0.4790506175829498,True,0.6970210704771131,0.4426616614192298,207,239,160,224,0.0647716969251632,0.5675771236419678,True
bfb32559-717d-4a13-81b9-1b9fa902f4f2,2,0.0005636751,False,0.1033799913194444,False,0.0102335345053791,False,0.0419837313041196,False,0.091577013907111,0.401928627656783,336,336,288,352,0.0065388246439397,0.0024630068801343,True
bfb7c989-f1c7-4b55-8b05-598338363b1f,2,0.26038948,True,0.1068250868055555,False,0.0,False,0.1950228542407313,True,0.6799136617572372,0.069197562214322,47,336,64,64,0.2865683734416961,0.2681740820407867,True
bfccb05a-9ac8-4879-bdc4-7aff2460093c,2,0.58841616,True,0.2765706380208333,True,0.4522828698935805,False,0.186749055956059,True,0.7876023735961944,0.4253837477318424,239,112,224,64,0.3905920386314392,0.4001631736755371,False
bfd6493b-7b0d-4bb6-a7ed-bd69007dc433,2,0.32896042,True,0.0926106770833333,True,0.4504247217340363,False,0.325717633274751,True,0.3811511423550088,0.20298769771529,272,240,128,64,0.2422056347131729,0.5156656503677368,True
c0018701-b726-4c75-b5fb-686be2d8b00d,2,0.54933846,True,0.1046617296006944,False,0.1078209032592496,False,0.1010820968055465,True,0.59411650359619,0.5365126676602087,112,80,160,128,0.5421361327171326,0.5871739387512207,True
c10f3035-c0f4-4436-a6f9-bbeb87777231,2,0.81844676,True,0.1570163302951389,True,0.4739774543255733,True,0.40297153716581,False,0.58558286183216,0.7445255474452555,144,111,160,96,0.3893143236637115,0.7697732448577881,True
c21ec0de-755f-433f-be49-e6ccdc94a735,1,0.10502681,False,0.0190226236979166,False,0.0,False,0.0,False,0.0,0.6263814616755793,272,336,256,352,0.0860158801078796,0.1204388216137886,True
c21ee14a-8962-4406-b685-7888806a0a01,1,0.18952109,False,0.0230577256944444,False,0.0,False,0.3952941176470588,False,0.0838235294117647,0.0,47,47,192,256,0.1592174023389816,0.2156809568405151,True
c21fd129-8438-42d2-9a6c-1284fecb4338,2,0.7757747,True,0.1316460503472222,True,0.5291572223366989,True,0.462806511436225,True,0.6716464042860086,0.7490212239851638,239,80,224,64,0.3201832473278045,0.7099249362945557,True
c2657014-120e-456e-97e5-1adcdb908b73,2,0.8037906,True,0.2060411241319444,True,0.5675399907840168,True,0.4869659666908038,True,0.6293858205516424,0.6301099335132644,176,271,160,256,0.1448732316493988,0.7885831594467163,False
c28f7725-70a7-4b55-953a-44d28ecdd4fb,1,0.024376597,False,0.0332234700520833,False,0.0,False,0.0,False,0.2541334966319657,0.736068585425597,0,368,0,320,0.0714614912867546,0.0281140580773353,True
c2c49031-f803-495d-9abf-32589c04a99b,1,0.004810983,False,0.0638563368055555,False,0.0687128292268479,False,0.0,False,0.1179906542056074,0.3310322854715378,0,368,0,352,0.0105704888701438,0.0082196928560733,True
c2cd822c-a98e-451d-8600-e52f50d65c28,1,0.15469497,False,0.0487874348958333,False,0.0,False,0.0,False,0.2606338615512927,0.284681679177092,47,368,128,128,0.1066906005144119,0.1819889843463897,True
c2d24770-1698-4506-83d1-94e5ca8dbfc8,1,0.26265267,True,0.04559326171875,False,0.0,False,0.1356537260151718,False,0.347017700431355,0.4666071694184144,0,335,224,96,0.2534912228584289,0.2498130947351455,True
c2f9dac8-75f2-44ec-b89a-04a0f8492a6a,2,0.9223426,True,0.15106201171875,True,0.4443995510662177,True,0.4414814814814815,True,0.6197530864197531,0.8308866442199776,175,143,128,128,0.2176699489355087,0.9526622891426086,True
c321b4b1-4ed5-4469-bf78-c4c783e516c3,2,0.93367314,True,0.1999986436631944,True,0.4838425282289512,True,0.3679427621986368,True,0.6126953985961819,0.7703367128954597,144,112,160,96,0.6366919875144958,0.8062431216239929,False
c358e0be-cac6-4918-8f61-1953178f0ec5,2,0.97161794,True,0.2566189236111111,True,0.6225158562367865,False,0.1352536997885835,True,0.7443181818181818,0.3332980972515856,112,112,0,96,0.2731864154338836,0.9326989054679872,False
c3751c94-ea6f-4a7c-b3bf-87a54012fa80,2,0.091058284,False,0.1226671006944444,False,0.1357806280406899,True,0.1654135338345864,False,0.2599513489606369,0.3855594869526758,47,336,224,96,0.1026640087366104,0.085709273815155,True
c3768927-0d7e-4624-bf5a-3eea2011a5c1,2,0.6982266,True,0.1859944661458333,True,0.3212644935462699,True,0.3673521475971705,True,0.61033326040983,0.826587909283162,272,80,256,96,0.2356356382369995,0.6814088821411133,True
c37e4ade-605d-4b78-ada5-231c82b72b43,2,0.97090924,True,0.2635498046875,True,0.8200041171324173,False,0.3076012557253872,False,0.530029334568473,0.3194637435026504,144,79,128,0,0.4457104802131653,0.8951566815376282,False
c3a56044-440d-4163-a813-3c3f6fd5b68b,2,0.50621,True,0.1778700086805555,False,0.472395912764984,True,0.2775659600427024,True,0.7333765441512887,0.569353362818362,176,80,192,96,0.1338674873113632,0.3192274868488312,False
c3a9863a-cbd5-44b9-975a-5978943490aa,1,0.34831256,True,0.0734049479166666,False,0.0,True,0.1828344419807834,True,0.220620842572062,0.291019955654102,112,336,160,96,0.4118794500827789,0.3454363942146301,True
c3c1ef6e-055c-4f54-a7f5-d0f6eed1d2da,2,0.33644006,True,0.1511366102430555,False,0.1942026384277124,False,0.0186664273534954,True,0.690702683298932,0.446244278919501,335,335,320,352,0.395542711019516,0.4723183512687683,True
c4528f64-a6a4-4a65-bf14-1f234871cf30,2,0.5886527,True,0.0672810872395833,True,0.4159862917044652,False,0.4902731579477875,False,0.2162080435439975,0.2827335954036891,176,272,160,256,0.3548800945281982,0.6192986369132996,True
c510db11-bc09-47e0-b144-a70a96b8d7bc,1,0.0094125895,False,0.0355631510416666,False,0.0181159420289855,False,0.0,False,0.0,0.5530129672006102,47,336,0,288,0.0282746013253927,0.0618759877979755,True
c5a27c73-aef3-407e-9724-333e97a583c9,1,0.7713272,True,0.0670708550347222,False,0.3367037411526795,False,0.0,False,0.4179979777553084,0.0158746208291203,144,239,96,352,0.8463238477706909,0.7558172941207886,True
c5a8e91a-2d40-4355-91af-73abf5f0fdf1,2,0.97863114,True,0.2924329969618056,True,0.7422369611094363,False,0.3971150947334245,True,0.7817072887920039,0.6073838732867977,176,112,160,352,0.4567126631736755,0.8803863525390625,False
c5ba46fb-eddc-4824-b779-0620b0cd855c,2,0.84834504,True,0.15838623046875,True,0.6201669877970456,False,0.4154142581888246,True,0.574095482766003,0.7290087775636909,144,112,160,96,0.2176699489355087,0.7636600732803345,True
c5c30350-993f-4a9a-9d1a-c7f8ddca0537,2,0.9585377,True,0.1708713107638889,False,0.5414748372757581,True,0.2708366407366248,False,0.6218050484203842,0.5582632163835529,176,111,96,160,0.939359486103058,0.938912868499756,True
c5d59db9-58ab-4164-9d77-4e9ac03ec273,1,0.96557647,True,0.0872802734375,True,0.735897435897436,True,0.4927738927738928,True,0.2264957264957265,0.592929292929293,272,112,288,96,0.8942365646362305,0.964855134487152,True
c60a0502-26cb-40a1-8343-43625a3c4e3f,1,0.9718326,True,0.04669189453125,True,0.8151053013798112,True,0.6239651416122004,True,0.414960058097313,0.7581699346405228,176,112,192,96,0.8071568012237549,0.977585792541504,True
c6c0ca1c-99d5-49a5-8291-9cf7331ea95d,1,0.95275027,True,0.1091105143229166,True,0.6280067126608242,True,0.6742494872272982,True,0.4796444775933868,0.7183168624526074,207,143,192,128,0.8042522072792053,0.9522199034690856,True
c6dd0b25-7b0f-499c-9601-13b67f37424a,2,0.93868846,True,0.1661376953125,True,0.8148828475793942,True,0.6620132255694342,True,0.3417013633766022,0.7990040003265573,240,144,224,128,0.225757822394371,0.902265727519989,True
c7024796-39ed-4eda-906d-65a1fb5d5c52,1,0.23283306,True,0.0598619249131944,True,0.844001359465277,True,0.5292851478418489,False,0.4371813753257052,0.6386088138665458,176,272,160,288,0.0266071073710918,0.2173375338315963,True
c7c66f99-3440-42a6-9d7e-3f66b1f6481a,1,0.67992294,True,0.0548163519965277,True,0.6248917481133243,False,0.3246319435853025,False,0.1294073982432265,0.5635283929234195,239,175,224,128,0.3856059610843658,0.5887118577957153,True
c801ebd5-8032-473d-8a47-de337f59c904,2,0.9960083,True,0.1717800564236111,True,0.6442558231346229,True,0.4771417291748914,True,0.6055270430319779,0.7228187919463087,176,80,160,96,0.3800108730792999,0.9950562715530396,True
c857ee5f-f53c-4060-b93a-8c3437da80cd,2,0.94208187,True,0.1352471245659722,True,0.7247655819084391,True,0.5637567066138495,True,0.6953818382389811,0.7292784435641578,208,143,192,128,0.4102245569229126,0.9404625296592712,True
c87c655c-7aa0-475d-b764-8cf5831e1244,1,0.71012604,True,0.0539618598090277,True,0.7027774286791504,False,0.5278371245444263,True,0.4832223199698379,0.7617192409199447,207,111,160,96,0.0679166764020919,0.64029860496521,True
c89e8310-dc56-4606-ba30-126e1f5f13f5,1,0.073164724,False,0.0539143880208333,False,0.0825157232704402,False,0.1288050314465408,True,0.3894339622641509,0.589559748427673,0,47,0,288,0.0816661119461059,0.1037486344575882,True
c8f8c1af-28f3-420d-85d6-9501a8002097,1,0.4682131,True,0.08331298828125,True,0.7483109483109484,True,0.5287749287749288,True,0.2659340659340659,0.7313797313797313,239,144,224,128,0.1390452980995178,0.4213137030601501,True
c95a1770-d740-4f50-b4a6-8e4a53ff9767,1,0.938124,True,0.0470309787326388,True,0.8187454938716655,True,0.760057678442682,False,0.3764960346070656,0.8519105984138429,207,240,192,224,0.5543196797370911,0.9497627019882202,True
ca390006-726d-4c9c-975b-616f135d0aee,2,0.98913974,True,0.1286553276909722,True,0.4550102788466607,True,0.4687681197617416,True,0.5442517526751357,0.7831426914764641,175,111,160,96,0.5295370817184448,0.9865716695785522,True
ca4b1bf3-ff54-41ca-ae22-6cb515114030,1,0.8296301,True,0.0901014539930555,True,0.7435646545235587,True,0.4530332681017612,False,0.2363390034622911,0.6746951678458528,112,80,96,64,0.6051575541496277,0.7856376767158508,True
ca5defaa-00b9-4904-87dd-debcc3ed3d77,2,0.95388025,True,0.2365451388888889,True,0.5923165137614679,True,0.2232224770642202,True,0.6413417431192661,0.4709288990825688,239,79,256,288,0.5089025497436523,0.7529220581054688,False
caa5f43e-2050-41a6-b0d5-2775d1fa6cb2,1,0.6939917,True,0.1970486111111111,True,0.7313119493392071,True,0.4405286343612334,False,0.5009636563876652,0.5781938325991189,175,271,160,256,0.1802509129047393,0.635448694229126,True
cab22af6-a77e-4c81-91c0-b41fe7d6e1ec,2,0.97684664,True,0.2960883246527778,True,0.4752863032524049,True,0.2404260192395785,True,0.7992212551534585,0.592418689876317,208,111,192,64,0.4385447204113006,0.936051607131958,False
cb8eb60c-ebe6-4d95-b740-61a7b2606af0,1,0.04733772,False,0.0517171223958333,False,0.0,False,0.0,False,0.3507736690270128,0.5275373721479151,0,336,0,64,0.0637149959802627,0.0889784917235374,True
cba00aeb-4389-4de9-b374-56b412361c46,2,0.64400125,True,0.1568060980902778,False,0.4484041172908918,False,0.3550730905631001,True,0.6811262001556959,0.6201020672952167,271,143,192,64,0.3896045982837677,0.4181621968746185,True
cbc33adf-8a86-4c11-9c8c-ad657ce3afff,1,0.5911923,True,0.0644259982638889,True,0.8478947368421053,True,0.6568421052631579,False,0.0701052631578947,0.7645263157894737,272,111,256,96,0.0479581020772457,0.700894832611084,True
cbefe06a-100f-4e77-8fc2-d8af7d0e4cfe,2,0.9465967,True,0.2218356662326389,True,0.4290299899116505,True,0.3013053712818318,True,0.5247775977499923,0.5789795481642261,112,79,96,64,0.5786862969398499,0.9529258608818054,False
cbf72626-2c8e-4d1d-91a7-4afcb413674e,1,0.87439936,True,0.14208984375,True,0.8067010309278351,True,0.7154925544100802,True,0.5032455135547919,0.8418289423444063,176,111,160,96,0.2368691116571426,0.9097468256950378,True
cc118833-83a6-4f8f-ba7a-0e69faaaee72,2,0.98282325,True,0.2705959743923611,True,0.6837172000701737,True,0.4703641512744042,True,0.8539635598105311,0.6118142402446054,176,272,160,256,0.3963601887226105,0.976445734500885,False
cc3177c8-6570-497c-aef3-6fbddef692f6,2,0.94355595,True,0.2180853949652778,True,0.6120094533242117,False,0.3732508240562224,True,0.7434852913738417,0.6015299458921575,144,143,128,96,0.5387102365493774,0.9656413197517396,True
ccfe0d0f-f75e-48ef-b754-4c2030a94c7b,2,0.96295285,True,0.1398451063368055,True,0.4492507637844915,False,0.4587556374569613,True,0.447068522380098,0.8488434120556714,176,112,160,96,0.4002804160118103,0.9533619284629822,True
cd064f36-a22d-4614-a4c5-96c2d36bbe7c,2,0.6354487,True,0.2076551649305555,True,0.4377857609405617,True,0.2087524493794905,True,0.4781188765512736,0.5271717831482691,208,239,192,224,0.675336480140686,0.5311485528945923,True
cde08a05-31aa-44f6-8fc5-c16bb94d9432,2,0.9605836,True,0.1406114366319444,True,0.6150284556766663,True,0.5170251760393556,True,0.6862158773029806,0.556766663451336,175,272,128,256,0.7157220840454102,0.963711678981781,True
ceae50d1-5854-438c-8cb1-0579e376e286,1,0.089933015,False,0.0380995008680555,False,0.0,False,0.0,False,0.3346386614453542,0.5361338554645781,47,336,160,64,0.1100878715515136,0.0975622162222862,True
cee68125-b70c-4f9b-b9a4-a005725ab04b,2,0.9216402,True,0.1427815755208333,True,0.5683955542889713,True,0.4288971216870903,True,0.5571862828916121,0.7118837275577088,144,272,128,256,0.3212470412254333,0.9260365962982178,True
cf4acaef-abef-4341-a4f2-e1689d804d3e,2,0.5727228,True,0.1591796875,True,0.6661980231765507,True,0.4662576687116564,False,0.4963786639400136,0.5194700068166326,175,239,128,224,0.2359876036643982,0.6921219825744629,True
cf8816d8-1032-4b78-8c15-27fbf3b1b763,1,0.16885695,False,0.0675048828125,True,0.5088406670685152,False,0.3021900743419731,False,0.4243520192887282,0.2874221418525216,208,240,160,224,0.1306177377700805,0.2130495309829712,True
cf9c397a-14e3-4668-bfdd-b632a4b4e45a,2,0.99190676,True,0.2643839518229167,True,0.5798127484930101,False,0.4141079902526612,True,0.7058612286776965,0.6085673977170707,207,79,160,32,0.5127307176589966,0.985042929649353,False
cfb88e62-c5d6-415c-87d1-7be3238de1d5,2,0.9626028,True,0.1844550238715278,True,0.7193279164675171,False,0.615022611125409,True,0.5102393470348174,0.7759476451340123,272,80,256,64,0.3393895626068115,0.9303317666053772,True
d03b693d-8e4d-48ee-8cb3-8577680a55e4,1,0.8700462,True,0.1053873697916666,True,0.8614543114543115,True,0.6252895752895753,False,0.2586229086229086,0.7040540540540541,143,240,96,224,0.328744888305664,0.8832359910011292,True
d0a82689-3088-4fc2-a348-7d3cc19c6ffa,1,0.82432055,True,0.0847846137152777,True,0.7425211966085427,True,0.0819068948968165,True,0.449688049912014,0.0819068948968165,240,112,224,96,0.6977118849754333,0.8010035157203674,True
d18074c3-5ac2-46d4-91e4-f13f9284115f,2,0.64131004,True,0.2007649739583333,True,0.4578435346574787,True,0.4174773679232536,True,0.662545601945683,0.6591676800432374,176,143,192,128,0.2089849710464477,0.6651931405067444,True
d1a0f88c-35bd-4d9d-8b5e-c2641761cb05,1,0.8385476,True,0.1243625217013889,True,0.7806194786781546,True,0.1832260879048969,True,0.4579016250408987,0.2988330243210819,176,80,160,64,0.3678377866744995,0.849846601486206,True
d1c121fd-790c-40dc-8d09-a427f826596f,1,0.55229825,True,0.0567084418402777,False,0.0,False,0.0,False,0.4197560392250657,0.6582157378617556,111,47,96,0,0.6364660859107971,0.5502146482467651,True
d20338e0-8ae9-4a30-9a0e-8225aae32073,1,0.83400166,True,0.1059366861979166,True,0.8696626336342104,True,0.6645541258562192,False,0.480955124511875,0.7479034632866014,207,240,160,224,0.2713482081890106,0.8200374841690063,True
d373b335-d9d9-4594-b97e-03ec9aa8daa2,2,0.9755304,True,0.2760145399305556,True,0.6304914004914005,True,0.3978378378378378,True,0.677936117936118,0.6176412776412776,176,271,160,288,0.4599856734275818,0.715225100517273,False
d3a0da1a-8289-4fca-ae3c-6894d4f3c108,2,0.65102214,True,0.2142333984375,True,0.6304843304843305,True,0.3692307692307692,False,0.342133586578031,0.4794555238999683,143,144,128,128,0.2165081053972244,0.6149722933769226,True
d3fbcb3d-b39c-4c8b-a23d-ae786dc11bfe,1,0.68479127,True,0.1114501953125,False,0.0218449555798953,False,0.0233661920408908,False,0.3057076792016551,0.5766094681757332,47,336,192,128,0.6690964698791504,0.559139609336853,True
d471c394-f44a-47a4-9e41-6a651b8916cc,2,0.4119386,True,0.2120293511284722,False,0.4033264033264033,False,0.0793219254757716,True,0.6661762354070047,0.4886934271549656,303,303,0,64,0.4197668731212616,0.5660185217857361,False
d4a31817-cd95-46ad-b41d-9350faa087c8,2,0.8834373,True,0.2580905490451389,True,0.4356622960296397,True,0.3542055338045563,True,0.6164437554195024,0.7483248810994035,175,143,160,128,0.4688058197498321,0.95059472322464,True
d4b2b93e-696e-47fa-b197-160a35534b84,2,0.971564,True,0.2113444010416666,True,0.5590103966114748,False,0.3323065075086638,False,0.4076819407008086,0.6689449364651521,143,48,128,32,0.3608268201351166,0.9652503728866576,True
d4d10646-e095-4cde-9f9a-b0d4b4cf6d5c,2,0.9751545,True,0.2617865668402778,True,0.4808818195948396,True,0.396300709807782,True,0.6667271125848402,0.6814931868815087,175,111,160,96,0.3258422613143921,0.9505029916763306,False
d4e0b27e-79ad-4af1-bd49-6c7feaf3f84c,1,0.684053,True,0.0841064453125,True,0.4293662312530237,False,0.0091920657958393,False,0.1856958555071762,0.4136429608127721,143,271,256,96,0.6224019527435303,0.6935767531394958,True
d50b31c0-05b1-404d-a03f-330d2b13a1b5,2,0.9032942,True,0.2802734375,True,0.7191250483933411,True,0.5949235385210995,True,0.8489643825009678,0.5918747580332946,239,303,192,256,0.2156809568405151,0.8020908832550049,False
d58012a2-a845-472d-8f49-336a3cc977c1,1,0.54437757,True,0.0289577907986111,False,0.0,False,0.0,False,0.0,0.5733021077283372,271,272,224,256,0.487002432346344,0.4510846734046936,True
d5835755-52dd-4a9d-a70e-6a49fcbbe1c8,2,0.9967397,True,0.1155463324652777,True,0.7333020307547834,True,0.6825918535039324,True,0.5607465664984153,0.8496889306256603,144,272,160,96,0.5429238677024841,0.996364176273346,True
d58a922b-97c8-4ee8-ad84-1c4c6c883c86,1,0.56037295,True,0.0153062608506944,False,0.7651750110766504,False,0.5564909171466549,True,0.4926894107221976,0.537439078422685,239,143,192,96,0.241310566663742,0.5013408660888672,True
d640b82b-9fa6-49ad-9139-d1a0f1f8c7e8,1,0.65301627,True,0.0235460069444444,True,0.8323732718894009,True,0.7557603686635944,False,0.2966589861751152,0.6754032258064516,207,240,192,224,0.0397132597863674,0.6479096412658691,True
d6724bee-d28e-4b34-8813-52a86955fa72,1,0.799129,True,0.0225694444444444,True,0.2698317307692308,False,0.0973557692307692,False,0.0333533653846153,0.72265625,175,303,128,256,0.709019124507904,0.7745833992958069,True
d6ec5711-f4f6-4548-8ea5-b002ecc19423,1,0.87245613,True,0.0376383463541666,True,0.538018018018018,False,0.4425225225225225,True,0.2708108108108108,0.5410810810810811,239,79,224,32,0.6651931405067444,0.8572908639907837,True
d6fb1e39-32df-463f-9d7e-064b2b64a3bf,1,0.89199936,True,0.0432332356770833,True,0.7333333333333333,True,0.6823529411764706,True,0.3552941176470588,0.792,208,111,224,96,0.3273456692695617,0.9043130874633788,True
d727db91-5f22-424f-8f18-3f8c7de40869,1,0.1603975,False,0.0264756944444444,False,0.5079405737704918,True,0.5,False,0.0,0.2745901639344262,112,272,128,256,0.0240077450871467,0.4281736314296722,True
d73404b9-b882-4d8f-a14f-876aa52c9559,1,0.7329743,True,0.04296875,True,0.8068181818181818,True,0.663510101010101,False,0.144570707070707,0.8213383838383839,144,272,128,256,0.1910256743431091,0.7476159334182739,True
d759f178-2451-47bc-80c0-2efe67588693,1,0.38329497,True,0.0203450520833333,True,0.7746666666666666,True,0.6153333333333333,False,0.0,0.681,143,144,128,128,0.0494052432477474,0.4534736275672912,True
d7ba9479-e67a-44dd-8a2b-8a6bea055e72,1,0.03044435,False,0.01171875,False,0.0,False,0.0,False,0.0052083333333333,0.0648148148148148,335,336,160,352,0.0193080864846706,0.0298165399581193,True
d84d271a-8ea1-4065-90e5-9f9c94794310,1,0.9838472,True,0.0260077582465277,True,0.8148631029986962,True,0.817470664928292,True,0.4104302477183833,0.8847457627118644,239,111,224,96,0.6335236430168152,0.9884918928146362,True
d967c678-30f0-48b4-9563-167e746e972d,1,0.0032730647,False,0.0251261393229166,False,0.0,False,0.0,True,0.6156545209176788,0.5403508771929825,47,368,0,320,0.003824483603239,0.0037217086646705,True
d9ceeda5-836a-40a9-b517-49921ec60490,1,0.9712929,True,0.0372178819444444,False,0.3799198250728863,True,0.4668367346938775,False,0.1313775510204081,0.3407434402332361,239,272,128,96,0.87364661693573,0.968020498752594,True
da9dde80-836b-4f3e-b36b-0e344c42029d,2,0.9802808,True,0.0341864691840277,True,0.5818290021821068,False,0.3911922237651259,True,0.4929577464788732,0.2943860345169609,208,112,192,96,0.7826625108718872,0.9842154383659364,True
db0018a5-7d08-4723-ac31-884bbb52910b,1,0.40615514,True,0.0675998263888889,True,0.6220906902086677,True,0.4815409309791332,False,0.3621589085072231,0.7247191011235955,144,272,128,256,0.1175721362233161,0.3920458555221557,True
db9618f5-8c95-4c76-b29f-652899c5a50b,1,0.45895487,True,0.0236070421006944,False,0.5564492961792589,False,0.5007181844297616,False,0.0005745475438092,0.718758977305372,112,111,96,96,0.1422318965196609,0.4193506836891174,True
dbfdfa23-441c-4f30-b386-ecc3276d5552,1,0.70992494,True,0.0281982421875,True,0.7787397787397787,True,0.6854256854256854,False,0.2457912457912457,0.708032708032708,271,143,224,128,0.0078767063096165,0.7962924242019653,True
dc1813b1-0576-4560-95ab-fd4a2b509823,1,0.81508535,True,0.0616319444444444,True,0.8191021126760564,True,0.6514084507042254,True,0.4436619718309859,0.804137323943662,240,112,224,96,0.5059658885002136,0.8162599205970764,True
dc244dca-9414-4555-a2b0-935933366861,1,0.3566707,True,0.0196533203125,False,0.5075914423740511,False,0.41959972394755,False,0.2439613526570048,0.6097308488612836,144,111,128,96,0.0805019214749336,0.2940122187137604,True
dc36c084-7f6e-4bcd-810c-7ea46af670d9,1,0.038178273,False,0.0235799153645833,False,0.0,False,0.0,False,0.0322116767328156,0.3701466781708369,0,47,32,0,0.0472497157752513,0.0486765727400779,True
dc8826ad-9cdb-424f-9896-ec55bcaaffd6,1,0.97510713,True,0.0851847330729166,True,0.6732744208263673,True,0.4738476235968474,True,0.4261603375527426,0.7323461507841732,208,80,192,64,0.4597430527210235,0.9859904050827026,True
dcba2f1b-d117-4c79-b329-6446bc21b45f,1,0.75689703,True,0.0499131944444444,False,0.1663043478260869,False,0.1987771739130434,True,0.211141304347826,0.846875,208,111,192,96,0.6057407259941101,0.6170512437820435,True
dd1c3cab-8b7a-4922-95d4-ddfd2c686d15,2,0.98141783,True,0.2647976345486111,True,0.6135327562362342,True,0.4196844747221226,True,0.7414331813758132,0.7396916457511653,144,144,160,96,0.4222068190574646,0.4222068190574646,False
ddb0dc48-542b-4b55-92d8-89bb2a779ba3,2,0.97675806,True,0.1017388237847222,True,0.7089054792694307,False,0.2391681109185442,True,0.6364484735368617,0.4505399280095987,176,112,160,96,0.818156361579895,0.9700134992599488,True
de021bc5-eacc-4c73-a8c2-7f98d5467c52,1,0.5654188,True,0.0360107421875,False,0.0,False,0.0,False,0.0331450094161958,0.784557438794727,175,143,160,128,0.5410754680633545,0.5927255153656006,True
de304f9b-f407-43d5-89b9-bdb07f8308b1,1,0.8671483,True,0.0254991319444444,True,0.564627659574468,True,0.5659574468085107,False,0.1300531914893617,0.711968085106383,240,304,224,288,0.687839686870575,0.8507168292999268,True
df21b6dd-32b7-4edd-8b7b-fa1a35e0c043,1,0.1786691,False,0.0247395833333333,False,0.0,False,0.0,False,0.0,0.7831688596491229,0,336,0,352,0.2603894770145416,0.1782395839691162,True
e0227184-955d-4bfd-8eeb-0bc0b2a21a66,1,0.02732453,False,0.0184868706597222,False,0.0,False,0.0,False,0.0055025678650036,0.0,304,336,352,352,0.0301003344357013,0.0321007072925567,True
e03b2ae0-a0a7-41d8-a6b1-dac421515a27,1,0.29818472,True,0.0304090711805555,False,0.4964317573595004,False,0.2627118644067797,False,0.0,0.5666815343443354,240,80,224,96,0.2016559839248657,0.3685193061828613,True
e07110c1-7afa-45b3-8de5-901f0a96e394,1,0.84286314,True,0.0322129991319444,True,0.5978947368421053,False,0.4368421052631579,False,0.163578947368421,0.712421052631579,271,111,256,96,0.7110297679901123,0.8678218126296997,True
e09d1d80-ae35-426e-870f-56421e61c48c,2,0.98314995,True,0.0607231987847222,True,0.6938798302434666,True,0.457449184721912,False,0.1827116372570918,0.6244136698682153,175,303,128,288,0.7687332034111023,0.976445734500885,True
e0a1ffef-682a-4d15-a232-46439d4e4d9c,1,0.78530854,True,0.0203993055555555,True,0.723404255319149,False,0.5784574468085106,True,0.3700132978723404,0.6951462765957447,175,112,160,96,0.2255871742963791,0.8036365509033203,True
e0af96b5-9e91-4cc7-84c7-a3d04d4c9405,1,0.22337708,True,0.0826212565104166,True,0.787162439464828,True,0.3587786259541984,False,0.1466797997209226,0.4306820980054174,176,303,160,288,0.0802132487297058,0.2776688039302826,True
e13739bf-ff9c-44eb-8839-fa8c61bf8a14,1,0.80115914,True,0.0281032986111111,True,0.3419401544401544,False,0.3108108108108108,True,0.6245173745173745,0.7497586872586872,175,143,160,128,0.545830488204956,0.824037492275238,True
e15ecf55-b05a-4f6f-bb25-d51d4a438963,1,0.5244708,True,0.0071614583333333,False,0.0,False,0.0,False,0.0,0.0,48,336,224,160,0.538467526435852,0.5329113602638245,True
e1c9d1ec-05eb-4bf8-9d64-2aea82f43d98,1,0.39490083,True,0.0475192599826388,False,0.0269730269730269,False,0.2192093620665049,True,0.2671614100185528,0.2005137719423433,47,336,160,96,0.2694216966629028,0.4399879574775696,True
e1d8cc12-d372-48f2-9126-74660809eccf,1,0.3443332,True,0.0091145833333333,False,0.3995535714285714,True,0.5297619047619048,False,0.0,0.4419642857142857,239,207,224,160,0.1247451454401016,0.4454692304134369,True
e2fbe7af-e71f-40e5-9cf1-2c41caea4527,2,0.99174845,True,0.0978800455729166,True,0.869673664518811,True,0.7250051964248597,True,0.4888103651354534,0.7818194415575418,240,80,224,64,0.897335946559906,0.98967182636261,True
e3bfcacf-6bb6-4af1-b49f-0a3b0cda6f96,1,0.04304285,False,0.0159369574652777,False,0.0,False,0.1225531914893617,False,0.0923404255319148,0.0,272,48,0,96,0.0372567661106586,0.1081889569759368,True
e3c0a6ca-58fb-4b9f-b56b-25491bbf3db8,1,0.96378,True,0.1059366861979166,True,0.4373599641508226,True,0.273670059535241,False,0.0095384418411113,0.5297996287049485,143,272,128,256,0.9054896235466005,0.9683812260627748,True
e444b79e-a477-4668-9a69-7b5ade5bb214,1,0.98469365,True,0.0925699869791666,True,0.7485714285714286,False,0.4041758241758241,True,0.4742124542124542,0.5824908424908425,176,111,160,64,0.7188904881477356,0.956145405769348,True
e5368a74-3005-4ebb-94a3-6e859b9ef3fe,1,0.6602819,True,0.0130683051215277,False,0.0513751946030098,False,0.0,False,0.0,0.5998962117280747,240,80,224,96,0.6340903043746948,0.6406359076499939,True
e542d5db-28c5-4e73-aa47-a441143887cc,1,0.124425635,False,0.0038994683159722,False,0.0,False,0.0,False,0.0,0.0,240,335,192,320,0.0984254106879234,0.127109870314598,True
e56de97f-aac0-4a7c-8ddd-f861cae269f1,1,0.87726665,True,0.03558349609375,False,0.2670097198399085,False,0.0,True,0.3802172670097198,0.5332570992948351,207,303,160,288,0.7846492528915405,0.6906633973121643,True
e5c3b5c2-7f2f-426c-bf4f-ea8862da8dc3,1,0.84645087,True,0.0205145941840277,True,0.731900826446281,True,0.5130578512396694,False,0.0,0.6290909090909091,111,175,96,160,0.3451052904129028,0.8529354333877563,True
e6295ee0-bb33-49e3-9376-8b78f5a3fc52,1,0.7615385,True,0.0268012152777777,True,0.8087044534412956,False,0.5182186234817814,True,0.326163967611336,0.6262651821862348,208,111,192,96,0.0563400983810424,0.7772998809814453,True
e67b71d5-e6cb-40be-bf98-ee06d26a6a96,1,0.76699245,True,0.01678466796875,False,0.0464646464646464,False,0.1333333333333333,False,0.0,0.5264646464646464,208,272,256,128,0.6184347867965698,0.7794896960258484,True
e6dc5d04-2f76-425f-99d7-cae3aa095122,2,0.655336,True,0.0304972330729166,True,0.5514787636201912,False,0.5557038025350234,True,0.4164998888147654,0.8539026017344896,176,143,160,128,0.1219992265105247,0.6436653137207031,True
e6e93d3a-571d-4c1c-9c62-cbb043d9cc49,1,0.98544043,True,0.0573391384548611,True,0.8259018332347723,True,0.7842696629213484,False,0.353873447664104,0.7949142519219397,175,271,160,256,0.609407901763916,0.9806548357009888,True
e6f5c238-2bfb-4ab3-af53-7966b0277665,1,0.96820134,True,0.0408121744791666,True,0.7836490528414756,True,0.7281488866733133,True,0.2708541043536058,0.8060817547357926,176,111,160,96,0.6962682008743286,0.9619649052619934,True
e755dc4c-11e7-45ff-b07c-3a297a67f0ec,1,0.618262,True,0.0222846137152777,False,0.0,False,0.0,False,0.044735240413877,0.0,368,176,32,64,0.7565374970436096,0.5663783550262451,True
e75caca3-22a7-48dc-9b2d-d6e19db6bb29,2,0.7879312,True,0.0505032009548611,True,0.4280918490667383,False,0.3487310326305895,False,0.1546931650328991,0.6176984020410904,240,111,224,64,0.334806889295578,0.7204666137695312,True
e77e8d88-11e5-4d15-8dfb-abcd5c09c9f0,1,0.013273886,False,0.0032552083333333,False,0.0,False,0.0,False,0.0,0.0,336,47,0,96,0.013020490296185,0.0177122987806797,True
e79c364c-a4a4-4201-b5fc-4b46701b5cf4,1,0.5665582,True,0.02288818359375,False,0.2817777777777778,True,0.6675555555555556,False,0.0041481481481481,0.3798518518518518,47,335,192,64,0.3319854736328125,0.5684158205986023,True
e7a47a98-2dd9-45af-9818-1ebd88cfb700,2,0.59125125,True,0.0319281684027777,True,0.4462616822429907,False,0.2039082412914188,False,0.0902718776550552,0.5250637213254036,239,111,192,96,0.3640989661216736,0.6257811784744263,True
e7aed9f9-264a-40a3-84ab-1ed8b81547df,1,0.7851439,True,0.0597873263888888,True,0.7414927404718693,True,0.4532667876588022,False,0.1194419237749546,0.6303312159709619,271,272,256,256,0.4027444124221802,0.7064942717552185,True
e7b3b69e-aa81-4f62-8c7f-24c3a2d5cf69,2,0.8850366,True,0.1240776909722222,True,0.6673043288150415,True,0.4056077831219938,True,0.4783012680367293,0.5178727590730214,143,272,128,288,0.3518676459789276,0.9181873202323914,True
e7d62adc-e492-475c-9fc9-11cc9b3654da,1,0.87589324,True,0.0240817599826388,True,0.7693607434525486,True,0.644607152914672,False,0.2703463813010419,0.7141650239369192,239,112,224,96,0.4682131111621856,0.8751482367515564,True
e7f67f50-2929-431f-a9fc-adc24518a87a,1,0.017176708,False,0.015380859375,False,0.0,False,0.0,False,0.1005291005291005,0.0,0,336,0,96,0.0206064749509096,0.0123361004516482,True
e80e5db4-c456-4223-8947-426efff27057,2,0.35644665,True,0.0514119466145833,False,0.0,False,0.211053950666139,False,0.285450468275953,0.4159081915314602,0,79,160,64,0.1581743359565735,0.2927974760532379,True
e81046a7-87bc-43ef-858d-089ceb254bea,1,0.97339284,True,0.0608317057291666,True,0.7775919732441472,True,0.5861761426978819,False,0.1232998885172798,0.7129319955406912,175,304,160,288,0.8230441212654114,0.9685006141662598,True
e813b239-43c9-426d-b768-4a88d5e2c2e4,1,0.93306583,True,0.0319552951388888,True,0.7928692699490663,True,0.6400679117147708,True,0.3160016977928693,0.7126485568760611,239,111,224,96,0.3598138988018036,0.929440438747406,True
e84da550-d09e-46cd-94c1-617b6d7aa461,1,0.59018886,True,0.03887939453125,True,0.6211407639979069,True,0.6753881039595325,False,0.2691435548578406,0.7786499215070644,271,111,224,96,0.1857994347810745,0.4569852650165558,True
e874f9c3-27c3-4b54-b3c0-bc4461342f90,1,0.61201984,True,0.037841796875,True,0.7817204301075269,True,0.771326164874552,False,0.2489247311827957,0.7908602150537635,208,272,224,256,0.204977735877037,0.5765419602394104,True
e87d8111-5071-446b-82f6-00a55f338954,1,0.6790723,True,0.0208875868055555,False,0.6675324675324675,True,0.7792207792207793,False,0.1405844155844156,0.7587662337662338,240,80,224,96,0.2872676849365234,0.6713628172874451,True
e8868e22-3e5c-4e63-9dc7-9180b20a0b1d,1,0.5156504,True,0.0179850260416666,False,0.0720211161387631,False,0.0113122171945701,False,0.0,0.0622171945701357,176,272,160,224,0.6389479041099548,0.4701283872127533,True
e92d7e53-f191-41af-a86b-8da6c7734386,2,0.9174507,True,0.1245320638020833,True,0.4772640636061646,False,0.1882045417415455,True,0.6470620269019224,0.4019495725099384,240,112,128,128,0.8104788661003113,0.904818832874298,True
e97da81f-c608-49cd-acf5-4ec961861bbd,1,0.18698417,False,0.0579766167534722,False,0.1146332904433267,True,0.150543923265879,True,0.4064802900924085,0.6127032401450462,240,175,224,160,0.160266026854515,0.1193054988980293,True
e9bf3ff2-086e-4ece-a12c-2fc9376a54de,1,0.9130583,True,0.0262858072916666,True,0.8635190918472653,True,0.6243550051599587,False,0.0,0.72781217750258,272,143,256,128,0.4478526413440704,0.9531006813049316,True
e9e58cf9-f301-4fe9-a5d5-ff12f7981612,2,0.8899121,True,0.0641954210069444,True,0.6412423410099303,True,0.4489752799492922,True,0.6297274455947602,0.6249735896894147,176,111,160,96,0.3268083333969116,0.8830344080924988,True
e9ea9123-3eab-4d60-973d-bfca20b6e054,1,0.9791158,True,0.0977783203125,True,0.681023720349563,True,0.5015952281869885,False,0.2164655291996116,0.6264391732556527,239,144,192,128,0.79739910364151,0.956145405769348,True
ea20f7ad-5958-4a6a-b871-89e747593fd8,1,0.7092205,True,0.0170627170138888,False,0.722972972972973,False,0.3203497615262321,True,0.4936406995230524,0.4034181240063593,176,112,160,128,0.3044551312923431,0.7070003151893616,True
ea2f0e9e-8cca-4037-a456-9fb1f07af5d2,1,0.61468315,True,0.0255669487847222,True,0.7612732095490716,True,0.5039787798408488,True,0.5037135278514588,0.6705570291777189,208,111,192,96,0.0018969200318679,0.717902660369873,True
ea3d1dcb-9222-4e66-b7e6-a45e78bd339e,1,0.98913974,True,0.0334337022569444,False,0.3259634888438134,False,0.4823529411764706,False,0.0851926977687626,0.6659229208924949,176,112,160,96,0.5056607723236084,0.9933330416679382,True
ea5c8b30-582c-471c-afd3-f569f52d5baa,1,0.010570489,False,0.0096706814236111,False,0.0,True,0.2012622720897615,False,0.3099579242636746,0.0,47,336,192,128,0.0047367489896714,0.0211656186729669,True
eab6d0b6-1bba-4c26-a208-507c54d14016,2,0.9957353,True,0.1415337456597222,True,0.6999041686631529,True,0.5374700527072352,True,0.628605654048874,0.6815524676569238,207,240,192,256,0.8118252158164978,0.9924813508987428,True
eb061685-c06f-400c-ab24-a7f702684c02,1,0.729327,True,0.023193359375,False,0.0,False,0.0,False,0.0,0.7154970760233919,239,240,192,224,0.4427268505096435,0.5609742999076843,True
eb2f6354-73d5-47f8-b40c-72579eeec569,2,0.99390244,True,0.2207573784722222,True,0.6273347259768985,True,0.2971246006389776,True,0.812392479724748,0.4996006389776358,176,272,160,288,0.4698395431041717,0.9988752007484436,True
eb9bf555-1859-47a9-a95f-e86246ce2bd9,2,0.76171577,True,0.2303059895833333,True,0.6463486454652533,False,0.0770906949352179,True,0.8707302709069493,0.1991166077738516,111,240,64,224,0.2358115762472152,0.5981948375701904,False
eba26223-cd3f-4b8b-a4b8-3ebc3922da4f,2,0.9503189,True,0.1166720920138889,True,0.7248895605673099,False,0.3943269007207626,False,0.4312950476633341,0.4539641943734015,143,112,128,96,0.4101064205169678,0.9531880021095276,True
eba80948-4a28-4909-9b2d-06a0175c830f,1,0.70181525,True,0.0340169270833333,True,0.8753987240829346,True,0.7900717703349283,False,0.1724481658692185,0.8016347687400319,239,79,224,64,0.2793367505073547,0.6477982401847839,True
ebc7b6eb-6b18-4807-af64-55d4723479a8,1,0.91505283,True,0.0422566731770833,True,0.8346974803402343,False,0.6522227571818328,False,0.2943347777242818,0.7401701171561547,207,272,192,256,0.2472596764564514,0.7921428084373474,True
ebc9f06f-c73b-4eff-9f07-beabd1331273,2,0.7053793,True,0.0448337131076388,True,0.4345787324156708,False,0.309030403872334,True,0.3351989109060656,0.6399939494781425,112,271,96,224,0.5625970363616943,0.6363531351089478,True
ebdce693-283b-462c-825e-a182c6063a85,2,0.9757624,True,0.1669514973958333,True,0.7386058981233244,True,0.4198553903647737,True,0.593468194004387,0.5358274433341458,175,272,128,288,0.4714361727237701,0.973036527633667,True
ec2de089-6de3-49d8-b5e4-d95bb4559221,2,0.99477994,True,0.2115681966145833,True,0.4439529441933519,True,0.2996762509215629,True,0.8556912523640093,0.6379139019777542,207,111,128,96,0.7470627427101135,0.9827572107315063,False
ec3f8f76-e644-4905-a379-8c8b33cc0dc6,1,0.94197524,True,0.0173746744791666,False,0.0,False,0.0,False,0.2743950039032006,0.6924277907884465,176,240,160,256,0.9249592423439026,0.92775696516037,True
ec53eccf-e4e5-4151-b50b-d103e799a1f2,1,0.7356416,True,0.0216742621527777,True,0.804755944931164,True,0.6479974968710889,True,0.3335419274092616,0.704630788485607,208,111,224,96,0.2814055979251861,0.7191864252090454,True
ec55e4ab-ecdd-4265-a5fa-d84ee0af1e0d,2,0.47183165,True,0.0494316948784722,False,0.3060776512553162,False,0.2580600905474002,False,0.1028947729455343,0.817121690218137,144,48,128,64,0.3430115580558777,0.4395668804645538,True
ec8965a5-1774-4644-8e58-dd62eacc160e,1,0.6157235,True,0.0165337456597222,True,0.7383100902379,False,0.6082854799015587,False,0.0065627563576702,0.7264150943396226,271,112,224,96,0.2391715943813324,0.6307986974716187,True
ecb5a45c-314e-478f-946f-ac620738c00b,1,0.24166831,True,0.0479600694444444,False,0.0,False,0.0,False,0.4038461538461538,0.0,335,304,128,64,0.2706729471683502,0.2242252677679062,True
ed55f8dc-45a7-4416-ae94-847bb41a35c3,2,0.9804314,True,0.1531575520833333,True,0.672422954303932,True,0.5263018065887354,True,0.6055171803046404,0.7278161530286928,239,240,224,224,0.4616841375827789,0.9515040516853333,True
edef8fc4-60ee-4736-8f32-4bb25d9e6800,1,0.43038675,True,0.0236002604166666,True,0.8112068965517242,False,0.3258620689655172,False,0.0758620689655172,0.4543103448275862,240,111,224,96,0.1014113202691078,0.6562178134918213,True
ee5842e0-5bd3-4e4b-9aea-cb94b6402fdb,2,0.7657686,True,0.1062689887152777,False,0.6819400127632419,False,0.3962348436502871,True,0.5536056158264199,0.5568602425015954,208,48,128,64,0.2472596764564514,0.7004852294921875,True
ee820aa5-4804-4984-97b3-f0a71d69702f,4,0.86737317,True,0.1230604383680555,False,0.4532128292736691,False,0.192990190675631,False,0.4751460376942577,0.4011903449796098,176,240,128,224,0.3858373761177063,0.8459424376487732,True
ee8a4128-a907-475b-a363-9cd60d65e46e,2,0.7754348,True,0.1291842990451389,True,0.6927922725602393,False,0.2616410310252506,True,0.7899102315082156,0.4402330831014751,176,80,128,64,0.5389225482940674,0.8614217042922974,True
ef503977-63a8-4fcf-9019-78e8e70511f3,1,0.16465074,False,0.02783203125,False,0.0,False,0.0,False,0.0,0.0,271,272,192,96,0.1126000955700874,0.2319620102643966,True
ef8c6816-f060-479b-a122-fea344b21221,2,0.88059187,True,0.0294731987847222,True,0.708467556373677,True,0.6539346525540727,False,0.1925908881730327,0.7899217671421997,271,112,224,96,0.0354107320308685,0.8640812635421753,True
f02b8370-0e08-47af-b4d4-6dbb681f219e,1,0.078359805,False,0.0530870225694444,True,0.4268012263668881,False,0.2675012774655084,True,0.2324987225344915,0.4810935104752171,239,80,192,96,0.0145595176145434,0.1502780616283416,True
f0646657-7174-461b-9ab4-07242c759384,2,0.9235924,True,0.1308119032118055,True,0.5708434859246202,False,0.1506039711752812,True,0.433718699777075,0.2514904868059516,303,335,192,128,0.5076631307601929,0.9059898257255554,True
f0678ab1-7a59-46b9-ba2c-def9ad6b8d22,1,0.8702668,True,0.0262044270833333,True,0.5799689440993789,False,0.0,False,0.2453416149068323,0.1208592132505176,272,143,160,256,0.7958168387413025,0.8731066584587097,True
f0db2967-6ff4-4d56-b697-8440b9cda138,2,0.34864512,True,0.1303032769097222,True,0.4196419277610076,True,0.3110232122410742,True,0.5027063599458728,0.8019673154991153,175,112,160,128,0.1514038294553756,0.6637779474258423,True
f11abf44-b267-458c-ae67-e1167124f5e3,2,0.9720986,True,0.0800374348958333,True,0.7058973055414337,True,0.7308083375699034,False,0.2074224707676664,0.8135061853923063,272,111,256,96,0.2443630099296569,0.969956636428833,True
f12565af-43de-4bc9-9dba-a8a3e9c8331e,1,0.12852514,False,0.0206027560763888,False,0.0,False,0.7044107965766951,True,0.260697827518104,0.0,368,47,192,96,0.0347496271133422,0.1063188686966896,True
f145236e-77ef-4cc3-8289-85a020b56c5e,1,0.7794897,True,0.0468071831597222,True,0.6857432628223703,True,0.5126050420168067,True,0.537380469429151,0.7351492321066357,207,112,192,96,0.3126847445964813,0.8201815485954285,True
f1ba6a94-27b8-4537-8a11-6c4dbc3fe428,3,0.7666432,True,0.0664740668402777,True,0.4654152213833911,False,0.2789226688430932,True,0.73852275045909,0.5002040399918384,208,143,0,64,0.6414223909378052,0.7174080014228821,True
f1c0e838-08dd-4ec4-84a7-cedf9b87f592,2,0.5306166,True,0.0670572916666666,True,0.5512742718446602,True,0.5455097087378641,True,0.4649069579288026,0.7191545307443366,208,111,192,96,0.1476780623197555,0.5696132779121399,True
f26ede75-cee6-4248-9219-017f327b25ca,1,0.66017234,True,0.0608317057291666,True,0.7966555183946489,True,0.8323299888517279,True,0.5121516164994426,0.7849498327759198,176,111,160,96,0.2155158072710037,0.6572085022926331,True
f26f795e-e989-40ce-a076-5763295ce46b,2,0.8468312,True,0.1060858832465277,True,0.2648468963753755,False,0.0,True,0.6507703125998849,0.2370389311513137,175,240,32,96,0.8409132957458496,0.7648916244506836,True
f29da87d-abd4-4141-96d9-e48f95ca67ab,2,0.8620035,True,0.1411404079861111,True,0.4613684412838746,True,0.3536421295406496,True,0.7038727657120892,0.6547664808764174,240,80,224,64,0.1860950589179992,0.8402590155601501,True
f3a72d62-fce7-4654-92a1-9cf26353d156,1,0.36139008,True,0.04345703125,False,0.0071785268414481,False,0.1513732833957553,True,0.3798377028714107,0.397940074906367,176,176,160,128,0.3520903587341308,0.4662076234817505,True
f3b1b61e-693d-4fee-b67b-fa4f09554391,1,0.84208554,True,0.0200059678819444,True,0.8457627118644068,False,0.6311864406779661,False,0.0291525423728813,0.7071186440677966,176,239,160,192,0.5865820646286011,0.7648916244506836,True
f40ba5da-1ef0-49d4-bb19-492892b41704,2,0.7972413,True,0.0925021701388889,True,0.6482404692082111,True,0.5000733137829912,True,0.3607771260997067,0.7515395894428153,239,112,224,96,0.542742133140564,0.8409132957458496,True
f454d325-7967-4c13-ab5f-139dc0f1ecbf,1,0.9466954,True,0.0318196614583333,True,0.8482523444160273,True,0.7276214833759591,False,0.1398124467178175,0.828005115089514,240,271,224,256,0.0715911984443664,0.9529258608818054,True
f4c7d67e-1025-46e0-bba5-cee068b8bd6c,1,0.89823216,True,0.0381401909722222,True,0.8431721194879089,True,0.6799431009957326,False,0.2416429587482219,0.781294452347084,175,272,160,256,0.2354598045349121,0.8591918349266052,True
f530bed2-b5bf-4240-892d-ced0140d1a8e,1,0.7864589,True,0.0351291232638888,False,0.2032818532818532,False,0.0,True,0.5086872586872587,0.4851351351351351,48,368,128,96,0.7706374526023865,0.633863627910614,True
f59ae80d-d98e-465f-963a-1064764211f8,2,0.9596866,True,0.0679660373263889,True,0.4809419277589303,False,0.2872680103771702,False,0.5171622430652565,0.641289163839553,176,112,160,96,0.7988152503967285,0.9544779658317566,True
f5dda7ca-c53f-47f8-8a10-08a1e31794c9,2,0.70212173,True,0.0966322157118055,False,0.4866306407467191,True,0.3866938030738999,False,0.0995859358551477,0.5119657519825953,47,336,160,192,0.3619537353515625,0.6309123635292053,True
f5fb166f-fbb1-474f-a7ad-1677dc6d60a7,1,0.79787195,True,0.0358072916666666,True,0.8676136363636363,True,0.7299242424242425,True,0.3700757575757575,0.6929924242424242,239,144,224,128,0.0549038536846637,0.773387610912323,True
f6077569-6aa3-4132-856b-6bdcbdd70cd6,1,0.9207897,True,0.0645073784722222,True,0.7339150546677881,True,0.5528805719091674,False,0.0246005046257359,0.7782800672834315,271,79,224,64,0.5350376963615417,0.9304582476615906,True
f630809e-2498-44af-beaa-dda23a36cf20,1,0.2746431,True,0.0403645833333333,True,0.7231182795698925,True,0.5268817204301075,True,0.2770497311827957,0.5475470430107527,176,143,160,128,0.0453525818884372,0.2933032512664795,True
f6669e27-825f-4fb9-b86a-ba61b9538342,2,0.99793327,True,0.1202121310763889,True,0.6323479634435293,False,0.4917070969197789,False,0.5019180864267179,0.7455714769265486,271,111,256,64,0.6032308340072632,0.996249258518219,True
f67d2434-0c18-441e-9ed4-66af65f511f7,2,0.8989441,True,0.1182386610243055,True,0.4919414969888156,True,0.4084313163177516,False,0.5546314883854316,0.6248351018067106,207,240,192,224,0.3060083091259002,0.879871129989624,True
f696261f-49c1-4274-81be-4e6b9e8c5602,2,0.9561454,True,0.1478949652777778,True,0.4443323550990462,True,0.4216801173881144,True,0.7467443140132062,0.7612344093910491,176,111,160,96,0.4041546583175659,0.9167081117630004,True
f6b16a6d-345a-4348-93ba-48c69ac76822,1,0.8550057,True,0.0618896484375,True,0.8429761122068814,True,0.7405215866754328,True,0.467893929432391,0.8572211264518956,207,143,192,128,0.1240006908774375,0.818156361579895,True
f6cfde90-10de-4584-aed1-2a0ef8238b11,2,0.9884919,True,0.1853095160590278,True,0.5962671546203111,True,0.4287282708142726,True,0.7930832570905764,0.6621774931381519,207,111,192,96,0.6841585040092468,0.956145405769348,False
f7250628-0db8-4baa-adbf-fd694cbd3b7d,2,0.9928786,True,0.1565348307291666,True,0.6530629928082489,True,0.4105363486699592,True,0.5295468330300667,0.5561476475175462,207,143,192,128,0.613815426826477,0.9798997044563292,True
f736efcc-ac9e-4f00-9e27-03add80f6f63,2,0.93451476,True,0.1009114583333333,True,0.583736559139785,False,0.3204301075268817,True,0.7455645161290323,0.5548387096774193,176,240,192,224,0.5110684633255005,0.895339846611023,True
f743c21e-5876-460b-bbd6-2e2dcca41baa,3,0.66747284,True,0.1298149956597222,False,0.2570786751645596,False,0.0827499738794274,True,0.3693448960401212,0.630028210218368,47,79,64,352,0.6250948309898376,0.6546739935874939,True
f77b0afe-0085-4ee0-afad-a1e9fda8fe65,2,0.6664968,True,0.0843370225694444,True,0.3379704084914763,True,0.1034898681247989,False,0.1112898037954326,0.391283370858797,79,175,64,160,0.5038012862205505,0.7943849563598633,True
f8377b25-0c03-4615-b18d-f0131b80b3d4,2,0.8818186,True,0.0622897677951388,True,0.4511703864997278,False,0.4328796951551442,True,0.4731627653783342,0.787915078933043,207,272,160,256,0.2630310952663421,0.8860265612602234,True
f854d6cf-8297-4894-80fe-90f9a11d0cb0,1,0.83815056,True,0.03887939453125,True,0.550845979417408,False,0.5494505494505495,False,0.2063492063492063,0.7385313099598814,208,240,192,224,0.5404691100120544,0.8283842206001282,True
f8767c5d-9024-43d9-9044-843f2cec00c7,2,0.9652504,True,0.1984795464409722,True,0.4908600129839068,True,0.4572726962107493,True,0.7740116855161103,0.6639559913896197,208,112,192,96,0.664322555065155,0.6343168616294861,False
f87e319e-34e7-4d47-893f-8a004ffcb94f,1,0.94165415,True,0.0926513671875,True,0.7700190308885961,True,0.7167325428194994,True,0.3560240081979212,0.758088127653345,176,80,160,64,0.2266124486923217,0.9447912573814392,True
f89cdd03-5ea2-4e80-98fb-1d2e57686638,1,0.24436301,True,0.0507269965277777,False,0.0,True,0.1363636363636363,True,0.520855614973262,0.4287433155080214,335,336,192,128,0.1925393640995025,0.2908801436424255,True
f8a015d6-f7e6-4dd6-8984-6db9ae4c556b,1,0.9071478,True,0.0358072916666666,True,0.803030303030303,True,0.6244318181818181,False,0.1329545454545454,0.8098484848484848,144,143,128,128,0.0360160693526268,0.929312229156494,True
f8cadc7e-6554-4967-89f3-d22e7bce757b,2,0.89478946,True,0.0921969943576389,True,0.5938948142699522,True,0.627877896285399,True,0.5396837072453108,0.7181316660536962,239,111,224,64,0.4324229061603546,0.8914335370063782,True
f99c02a3-1731-4d3b-80c2-fc0cf713787e,2,0.9693822,True,0.1754828559027778,True,0.3772994280414283,True,0.4572576905240377,True,0.5714175297573041,0.8073117947132478,176,112,160,96,0.4055664241313934,0.9616780281066896,True
f9b9a4ee-49bd-4054-9a60-03c771aac376,1,0.7942254,True,0.0190836588541666,True,0.7544420753375978,False,0.5863539445628998,False,0.0199004975124378,0.6727078891257996,240,112,224,96,0.2503625452518463,0.7927852869033813,True
f9c26b15-b775-437a-8a40-0850794f23bb,2,0.89442116,True,0.15460205078125,True,0.7417204018072553,False,0.159187612405141,True,0.7250076764486555,0.2590253103478528,176,240,96,64,0.3807013928890228,0.8338664174079895,True
f9c4f02b-52b5-4f36-96d7-b706d678d9b9,1,0.6090592,True,0.0282118055555555,False,0.4435096153846153,False,0.4692307692307692,True,0.3444711538461538,0.1725961538461538,47,79,160,96,0.347647875547409,0.6122517585754395,True
f9cddf36-c6d7-4936-87b3-e307a77dbbf2,1,0.7806625,True,0.0432332356770833,True,0.8301176470588235,True,0.6776470588235294,True,0.372235294117647,0.6977254901960784,176,80,160,96,0.5978426933288574,0.7671669721603394,True
fa68dbe4-1da4-48f3-b88d-bc0f8a6d0af9,1,0.35734323,True,0.0161404079861111,False,0.0,False,0.1815126050420168,False,0.026890756302521,0.05,0,79,192,96,0.054600603878498,0.2983891367912292,True
fa8ea2ce-097a-4e42-8f9b-c3d0603484f1,2,0.9680205,True,0.1082763671875,True,0.4502066892145809,False,0.387698860077665,True,0.6068520606288362,0.8329575347613679,176,271,192,224,0.3077739775180816,0.958924114704132,True
faa4d458-b94d-46a4-8fea-c2f9ca5a70e9,1,0.8505928,True,0.0844319661458333,False,0.110441767068273,False,0.0248995983935742,False,0.3175903614457831,0.4305220883534136,176,48,160,64,0.8161134123802185,0.8725647330284119,True
fafb820f-cd7f-4a19-a24f-f294e69a0f87,2,0.9203613,True,0.1443006727430555,True,0.687658614531441,True,0.4766425415922549,False,0.1964000375975185,0.720697433969358,272,144,256,160,0.305593729019165,0.9165588617324828,True
fba0309a-edbe-4d97-b806-f6fe8460ced3,1,0.7078088,True,0.077880859375,True,0.6532567049808429,True,0.4836293974225009,False,0.4701323580633925,0.6428944618599791,176,272,160,256,0.3839877247810364,0.7794896960258484,True
fbbd0b3f-2305-450b-950f-0f88754ebd94,1,0.9777564,True,0.0523885091145833,True,0.8348220064724919,True,0.7461488673139158,True,0.3036893203883495,0.8125566343042071,144,112,128,128,0.4978255927562713,0.9478657245635986,True
fbea2dbf-3828-4b0b-a8cf-e1a1e513851b,2,0.91022664,True,0.1279568142361111,False,0.0113949544201823,False,0.0,False,0.4905130379478482,0.3735955056179775,47,47,0,0,0.8858291506767273,0.9017477631568908,True
fc0912c2-0cfc-420e-8c77-0fae34451d7e,1,0.9488225,True,0.0714111328125,True,0.8226970560303893,True,0.6046533713200379,False,0.4235517568850902,0.6690408357075024,175,272,128,256,0.754553496837616,0.9704646468162536,True
fc6f309f-f4b2-45af-bfee-c756cabdd3c1,1,0.8322367,True,0.0659722222222222,True,0.8475534539473685,False,0.5186060855263158,True,0.2323190789473684,0.5963199013157895,239,79,224,32,0.5011825561523438,0.8542778491973877,True
fcb06a43-8652-4bbf-bdf8-bb961137302a,2,0.9451974,True,0.1876763237847222,True,0.6853002818530028,False,0.1366625713666257,True,0.6910457469104575,0.3319722483197225,239,143,0,64,0.5088110566139221,0.9244152307510376,True
fcd6452c-680d-40a6-9fc6-1793eb3ca0a8,2,0.9787533,True,0.1407538519965278,True,0.4821006986268369,True,0.4278487111539388,False,0.5684413394362804,0.9040231269573596,175,175,128,160,0.3738757967948913,0.9759923219680786,True
fd147f16-7eeb-474f-98df-c3b0c39c163c,2,0.9465967,True,0.1218397352430555,True,0.5646220638984749,False,0.1604141155515974,True,0.8045196482244239,0.3889569186240676,208,111,256,64,0.5257949829101562,0.9403530955314636,True
fd2af0f9-4bfa-4f2a-87c4-4ba774e2fcec,1,0.2965524,True,0.0506049262152777,True,0.7689627445725007,True,0.5830876440632539,True,0.2619941034575181,0.6450013401232914,239,111,224,96,0.0490396283566951,0.305075854063034,True
fd5cc454-f85b-464d-a04f-09d46a86d200,2,0.9869795,True,0.1237318250868055,True,0.4459852014250479,True,0.3297341737462318,True,0.2826527815839956,0.6758015894765689,207,175,192,160,0.6073721051216125,0.9921233057975768,True
fd67d636-d57c-4698-876b-23e94eed5067,1,0.2607658,True,0.0701904296875,False,0.0,True,0.386280193236715,True,0.2889855072463768,0.1457971014492753,47,303,192,96,0.2375759184360504,0.2818007171154022,True
fd8de63f-e006-4e20-a937-9ecbde6e31e9,2,0.99729556,True,0.2454494900173611,True,0.5896167767247811,True,0.3930041720774735,True,0.8982123615063686,0.6950515293012461,144,271,128,256,0.7301936745643616,0.9929881691932678,False
fdfce1ff-203e-4b23-a360-3803558a7f7a,1,0.93674946,True,0.03466796875,True,0.9147104851330204,True,0.634585289514867,False,0.4043427230046948,0.6881846635367762,208,271,192,256,0.2345819622278213,0.9094254970550536,True
fe16b6d8-add2-4d0d-b052-96b1986b67e0,2,0.8401279,True,0.132568359375,True,0.4393799877225292,True,0.5140167792101493,True,0.5778596275833845,0.7844792306118273,240,112,256,96,0.4415225088596344,0.8171371221542358,True
fe2e6108-895f-4469-8712-7965544dd47c,1,0.74558365,True,0.051025390625,False,0.3123338649654439,False,0.0,True,0.4557416267942584,0.0,240,79,352,192,0.7846492528915405,0.6929537057876587,True
ff0200e1-3bac-42d1-880b-17d6a3366d2c,2,0.8369547,True,0.0427449544270833,True,0.3718864033000159,True,0.2560685387910519,True,0.5944788196097096,0.4899254323338093,239,271,224,256,0.7396105527877808,0.7696000933647156,True
02363fdb-4cd0-4631-b3d8-7a10fddffa28,2,0.19837458,False,0.0416937934027777,False,0.0,False,0.0,False,0.0,0.5473324658425505,47,79,32,32,0.1661335527896881,0.2375759184360504,True
02589621-9494-4801-99a8-a4e89c1b525d,2,0.8523219,True,0.0930379231770833,True,0.3311465850280632,False,0.2204242291712224,True,0.6687076317515854,0.424083388002041,207,271,224,224,0.494278222322464,0.8419556617736816,True
025d196b-cfa4-44a5-9e31-0f73dc3b318f,1,0.17809658,False,0.0080634223090277,False,0.0,False,0.0,False,0.0,0.04121110176619,176,175,192,128,0.1401007920503616,0.1822799146175384,True
0361ea80-0215-4bbe-9bca-908ea7c4f8b6,2,0.63329685,True,0.0672064887152777,False,0.225832492431887,False,0.260343087790111,True,0.7233097880928355,0.738042381432896,144,112,160,96,0.2952299118041992,0.6975059509277344,True
03a512bc-1162-404e-8c71-dc9e0dc7258f,1,0.13318956,False,0.0047743055555555,False,0.0,False,0.0,False,0.0,0.0,47,47,160,256,0.1167640015482902,0.1277614086866378,True
03f8bb03-eb04-4365-ac4d-d63d2b5d49cc,2,0.5176776,True,0.2778591579861111,False,0.1881528848970028,False,0.1874938982719906,True,0.6713609294152104,0.7755296299912136,304,303,0,96,0.5391349196434021,0.5032729506492615,False
04558d1a-1f4d-47aa-bf07-a6f6595f9cec,1,0.70058763,True,0.08001708984375,False,0.4319857615052123,False,0.1884905500466141,False,0.1884057971014492,0.6325959827103992,175,272,128,256,0.6196439266204834,0.7375364303588867,True
04e6f392-a196-447f-9b75-f5af995a36d0,1,0.1301748,False,0.0133870442708333,False,0.0,False,0.2228976697061803,False,0.3156028368794326,0.0,0,368,192,64,0.07696083933115,0.17050801217556,True
0550968f-5ad7-460c-96c5-c2702535e344,2,0.29583988,True,0.1222941080729166,False,0.0,True,0.1014806188654134,False,0.4393611711861587,0.5043531303720956,48,368,160,128,0.2732833921909332,0.2377528697252273,True
0fd9d050-6ad7-4bd8-a18b-8e583192726f,2,0.90414387,True,0.0860188802083333,False,0.3077893409019236,False,0.0946073793755913,True,0.5492746767581205,0.4252601702932829,144,303,128,320,0.941975235939026,0.933914601802826,True
100fb3d8-99c5-4723-9385-11b236f9aae4,2,0.9701269,True,0.1564534505208333,True,0.5086692674469008,True,0.4258344169917642,True,0.6066753359341136,0.6407889033376679,239,112,224,128,0.7975568175315857,0.9743860960006714,True
106e39b9-9ca8-4437-b7f9-f114fd3aec61,2,0.96124375,True,0.0556369357638888,True,0.5419307654802535,False,0.4061433447098976,False,0.008044856167723,0.6604095563139932,112,208,96,192,0.6783269047737122,0.9242786765098572,True
107f84d9-65b3-4a11-9c8d-921a5bed5b2f,2,0.88563144,True,0.1292317708333333,True,0.4628463476070529,True,0.1956339210747271,True,0.619857262804366,0.4824202350965575,143,240,96,256,0.5821940898895264,0.8976953029632568,True
10f2cb81-ad90-4857-a2f7-18e7d8f66907,2,0.8401279,True,0.037353515625,False,0.2178649237472767,False,0.0784313725490196,False,0.0034495279593318,0.7009803921568627,239,143,224,128,0.7769615650177002,0.8982321619987488,True
112bbb1f-9e2a-4421-b276-39868ef35904,2,0.34147266,True,0.0424533420138888,False,0.0460063897763578,False,0.176517571884984,False,0.0,0.3557507987220447,303,335,224,96,0.4009838998317718,0.3538746237754822,True
115bf7b6-065a-46eb-bd14-f4afbc8384f3,2,0.19821933,False,0.1169772677951389,False,0.0,False,0.0,False,0.3299321699808684,0.5847295495391037,111,176,64,160,0.2872676849365234,0.1108555868268013,True
11e0e617-cc49-478e-bcba-209866654fde,2,0.86350673,True,0.3206922743055556,True,0.5200473693114532,False,0.2196751818643207,True,0.7191253594992387,0.4123879208255794,208,112,192,64,0.3548800945281982,0.8290771842002869,False
11fcbe52-87f7-4074-85ac-153d5f255e35,2,0.8702668,True,0.2774251302083333,True,0.4725970470323653,True,0.4774371761024738,True,0.5144470519213846,0.7323017502688961,240,80,224,64,0.3046619594097137,0.9358173608779908,True
120fd100-b447-4ec9-b4fe-3cdd3f0496e9,2,0.089136936,False,0.2533230251736111,False,0.1852545912084381,False,0.0807410183648337,True,0.6763398832788992,0.598409808855812,79,47,32,32,0.299719750881195,0.1626458615064621,False
129a1251-95cf-4663-91ad-4e58bc0b2d08,1,0.68489665,True,0.0458916558159722,True,0.6222846165213536,False,0.4916506576030737,False,0.3827397665139648,0.6573075217969558,207,271,160,224,0.0967057943344116,0.5567610859870911,True
13990031-9dbf-4e03-9505-0f9120bdb166,2,0.73392886,True,0.0418429904513888,False,0.0,False,0.3486223662884927,False,0.0084278768233387,0.0,208,368,224,128,0.6236061453819275,0.7258430123329163,True
13aa11f7-b15f-47d4-94c1-4ded9bc8ab16,2,0.7001778,True,0.1032986111111111,False,0.3559611344537815,False,0.3328518907563025,False,0.4023765756302521,0.8493303571428571,176,272,160,256,0.470371663570404,0.727878749370575,True
13bf28d4-fa19-4ba0-966a-938f676d6d04,2,0.53300244,True,0.1144205729166666,True,0.4694167852062589,True,0.3072546230440967,True,0.7077406353722143,0.3783191085822665,207,303,160,256,0.2838806509971618,0.6268097162246704,True
15427579-e055-4f31-a2ac-f92da3855bcb,1,0.99373454,True,0.0689697265625,True,0.8395280235988201,True,0.8432645034414946,False,0.1390363815142576,0.835496558505408,143,111,128,96,0.1252792477607727,0.990767776966095,True
19a2b39a-60ac-4412-8e17-c69d1336538e,2,0.4050957,True,0.1015218098958333,False,0.2227788911155644,False,0.0130260521042084,False,0.3585838343353373,0.047628590514362,240,335,32,352,0.4087486565113067,0.482947289943695,True
1a2cef8e-99cb-43cc-b9b5-65fe5104037f,2,0.8957053,True,0.1262410481770833,True,0.4031157668546871,False,0.0550094010206822,True,0.5621810367982809,0.3353209777061509,176,271,0,64,0.641983687877655,0.8781053423881531,True
1a32542e-bc47-4703-82a7-d88bedc8c07d,2,0.2831863,True,0.0489908854166666,False,0.3109080841638981,True,0.3103543743078626,False,0.207641196013289,0.5714285714285714,144,272,160,256,0.0242838691920042,0.4160253703594208,True
1ab17a65-3c93-467b-9c36-6a27d67f0cbc,1,0.4140101,True,0.0166829427083333,False,0.7422764227642277,False,0.5528455284552846,False,0.0,0.5682926829268292,175,111,128,64,0.0564440265297889,0.3903015255928039,True
1ae12f84-02bb-426f-84b1-81a6c552ce4e,1,0.1328517,False,0.0228068033854166,False,0.0,False,0.0,False,0.0,0.0,335,336,64,64,0.1120159551501274,0.2372223138809204,True
1b0b9b81-dc8b-4b22-aaea-1a985009a522,1,0.058131598,False,0.0074869791666666,False,0.0,False,0.0,False,0.0,0.0,239,336,0,352,0.0828456282615661,0.0558231435716152,True
1b167f33-a18a-4aab-8a29-2a9d1d41c054,1,0.09170696,False,0.025634765625,False,0.0,True,0.7211640211640211,False,0.1396825396825396,0.0,335,336,224,256,0.0327749848365783,0.1310619711875915,True
1c187dbf-3fa4-4a39-914a-39994b76d4c5,2,0.9084556,True,0.04669189453125,False,0.1593318809005083,False,0.1623819898329702,True,0.4505446623093682,0.7466957153231663,207,272,192,256,0.7439128756523132,0.9296960830688475,True
1dfee324-e504-49da-bfb8-5f3e5c2eda88,2,0.45314085,True,0.0770263671875,False,0.1556612079591477,False,0.1591829547455538,True,0.3849269237541821,0.531431590068674,207,175,160,128,0.5148348212242126,0.3604890704154968,True
201fe232-cebb-4e8d-ab9a-f41f03bd676a,1,0.5090627,True,0.0972629123263889,True,0.7600753033049784,True,0.4532143355180588,True,0.3731697113373309,0.6548598521824014,239,112,192,128,0.2259285598993301,0.3488669395446777,True
2037f6cd-d91f-47b9-ad6b-13a629090fdd,1,0.09268778,False,0.0425754123263888,False,0.0,False,0.2230009557183816,False,0.0571838165020707,0.2854412233195285,336,240,192,96,0.089454598724842,0.0979066863656044,True
203b7f39-41eb-4b06-ae00-387fbfa45dd8,1,0.9634375,True,0.1578640407986111,True,0.6959360769825587,True,0.4616375977317639,False,0.4989260245725578,0.689664060486296,271,272,256,256,0.5432570576667786,0.9598374962806702,True
216ef465-167c-495f-b1ad-8218b65338ea,2,0.78858316,True,0.2654283311631944,True,0.477068908250083,True,0.383632693732594,True,0.7392626280691893,0.6670073328393674,304,303,288,288,0.4846697151660919,0.7964508533477783,False
2348e8ba-483f-476d-b29d-5ba8398d7abc,2,0.9383503,True,0.0706244574652777,True,0.5841175340887267,False,0.385442673324371,False,0.3290762435183407,0.6286729402727098,240,112,192,256,0.5700920224189758,0.9081302285194396,True
239e9d1c-e5c1-4798-a6ba-64fd64e7c486,1,0.28022227,True,0.0430230034722222,True,0.5985182849936949,False,0.32140605296343,False,0.2719104665825977,0.544766708701135,176,303,160,320,0.1348898410797119,0.3426814973354339,True
245d1104-6524-4d44-ace9-e54f0645a46e,2,0.7308665,True,0.0599093967013888,True,0.4977360199230247,False,0.2799411365179986,False,0.0783337106633461,0.5646366311976455,271,79,224,0,0.4462231993675232,0.7507355809211731,True
254f04d1-d24e-43bc-a00d-8f7140c222fb,3,0.9806178,True,0.1229248046875,False,0.2812534480856228,False,0.1607635440803266,True,0.4324726911618669,0.5872227739159219,303,80,128,64,0.9645892381668092,0.963161289691925,True
25c7d4f1-d16e-4fba-9155-8f79a396aa81,2,0.9524858,True,0.0619303385416666,True,0.640604467805519,False,0.6019491896627245,True,0.5604467805519053,0.8674989049496277,207,111,160,96,0.296043336391449,0.9385759830474854,True
25d34f4c-7ebe-4fb7-a609-f0d98f5b06c5,1,0.6154924,True,0.0190836588541666,False,0.1467661691542288,False,0.0,False,0.0,0.3059701492537313,143,271,64,224,0.6550050973892212,0.6331834197044373,True
25e49cde-cdd9-47ba-9e3c-bc8406433240,1,0.021368887,False,0.0204128689236111,False,0.0,False,0.0,False,0.0375415282392026,0.0,47,271,352,128,0.0290907565504312,0.0469866394996643,True
27775937-404e-4e1a-bef0-af5d63fc0b3b,2,0.9878528,True,0.1335584852430555,True,0.6306997054940591,True,0.4096679191631969,True,0.672438306083071,0.5550421448156799,176,144,160,128,0.6894102096557617,0.9875203371047974,True
28dfbd38-b24a-4cfb-a355-34c226dd2aa2,1,0.6686639,True,0.0726318359375,True,0.7893557422969187,False,0.4183006535947712,False,0.1525676937441643,0.5266106442577031,303,271,256,224,0.4168559908866882,0.6921219825744629,True
293f4b7b-3a6e-44a6-b9d2-810b139094cf,1,0.24364243,True,0.03173828125,False,0.0,True,0.5401709401709401,False,0.1472222222222222,0.0807692307692307,47,368,224,256,0.1250653713941574,0.3455468118190765,True
2ae3e7ba-a0fe-4f0a-96db-d337714aa657,1,0.04903963,False,0.0153062608506944,False,0.0,False,0.0,False,0.0451927337173238,0.2809038546743465,0,335,0,288,0.1074374765157699,0.0426423922181129,True
2afaf9b4-664c-4c87-b9f5-4e411789da5d,1,0.02947941,False,0.0190700954861111,False,0.0,False,0.0,False,0.0,0.2667140825035561,368,336,0,64,0.0474258735775947,0.0476912818849086,True
2bb1db95-73ad-46b0-8567-8a03d9a83def,1,0.2555294,True,0.0364583333333333,False,0.0,False,0.0,False,0.0803571428571428,0.1409970238095238,47,336,192,128,0.3499769270420074,0.2531217932701111,True
2bd2f688-6bed-4f0c-a385-9eed1b1027de,2,0.08479541,False,0.0717366536458333,False,0.0,False,0.0544526375496313,False,0.1518245415012289,0.3565891472868217,336,336,128,96,0.0704316198825836,0.1601346433162689,True
2c917d3a-95cb-4c11-802c-f83e28cb37bc,2,0.86165464,True,0.2308485243055555,True,0.3643066980023501,False,0.090951821386604,True,0.5031139835487661,0.5299353701527615,176,48,160,0,0.7550956010818481,0.8613050580024719,False
2c9a388f-0042-4b88-b52b-ea0b21fb7960,1,0.040769264,False,0.0146484375,False,0.0,False,0.0,False,0.0,0.4185185185185185,47,336,0,352,0.1234712749719619,0.0732972770929336,True
2cce4f3d-ad2a-4021-b46a-3f34015600e5,2,0.40892568,True,0.0207451714409722,False,0.0009807126511932,False,0.2781954887218045,False,0.4658385093167702,0.0,0,368,160,128,0.0369080640375614,0.442516028881073,True
2cd0cbc4-bf35-49de-963e-8ee3fd08ca75,3,0.78116375,True,0.0625542534722222,True,0.29683434518647,True,0.330225498699046,True,0.3261058109280139,0.577081526452732,175,272,160,256,0.6250948309898376,0.7983440160751343,True
2d370cb1-791e-407e-9408-9156664de6b6,1,0.091058284,False,0.0260959201388888,False,0.0,False,0.0,False,0.0116943866943866,0.1473492723492723,336,336,224,352,0.1669468581676483,0.0864776521921157,True
2db5d817-4f4c-4773-afa0-ed3cdb3a5035,2,0.8191712,True,0.1163330078125,True,0.3980412731724379,True,0.3473242392444911,True,0.6774513233065175,0.6830476856709805,239,111,192,96,0.103024423122406,0.8734309077262878,True
2ef4cfe7-bbc1-4ce2-ba1e-6df54a94252c,2,0.6810908,True,0.0630628797743055,False,0.1456070545219916,False,0.056672760511883,False,0.215399505323153,0.5639316055489838,208,175,192,160,0.6364660859107971,0.5375876426696777,True
2f42fe81-bd2a-4b14-966b-589873d13663,1,0.15190639,False,0.0087822808159722,False,0.0,False,0.0,False,0.0,0.4501930501930501,0,368,0,320,0.099295400083065,0.1559762954711914,True
303390de-3812-4aae-893f-3f18897a6c21,2,0.67779404,True,0.05218505859375,False,0.2690058479532163,True,0.4535412605588044,True,0.3562053281351527,0.583625730994152,47,111,224,96,0.4164406061172485,0.731442391872406,True
30f2c879-2104-45e4-acbd-6284f7a62d35,2,0.77321637,True,0.2605387369791667,True,0.3251340517465771,False,0.2362694570253527,False,0.4899265969076995,0.7638086313707116,304,175,128,128,0.5400446653366089,0.7534666657447815,True
c02e993c-7642-4d8a-aace-988c416ec09a,1,0.74372685,True,0.1026814778645833,True,0.4312793078396407,False,0.0,False,0.3445611254210422,0.1792483983884816,207,272,0,64,0.6248660087585449,0.8770562410354614,True
c033f66d-900e-4ba3-8da4-a6823ea89d09,2,0.84581506,True,0.1251898871527778,False,0.3079089924160346,True,0.104008667388949,True,0.6362946912242687,0.6357529794149512,47,335,224,128,0.5028114318847656,0.8288003206253052,True
c059ced8-e99a-4fff-a734-b01cae2491bb,1,0.027169233,False,0.0100368923611111,False,0.0,False,0.0,False,0.1810810810810811,0.7783783783783784,0,368,0,352,0.0498659051954746,0.0328369550406932,True
c102bfc2-601d-4275-b986-d928bf170ef9,2,0.20481864,False,0.2339613172743055,False,0.2803269659990144,True,0.2378329806661062,True,0.6255253775471753,0.5322762978637062,335,304,224,128,0.1795305609703064,0.2560870945453644,False
c109061a-d815-4cae-8343-9230d8024adf,2,0.5000596,True,0.1545884874131944,False,0.2587409519631498,False,0.0505373985523141,False,0.4044746654968195,0.54310155735907,111,304,64,288,0.4253665208816528,0.4552288651466369,True
c1415e26-fddf-4a0c-a7eb-7b9a0d9e9983,2,0.49320644,True,0.1662190755208333,True,0.3243982048143615,True,0.4997552019583843,True,0.3374541003671971,0.4749898000815993,175,240,128,224,0.3891982436180115,0.5746932029724121,True
